transaksie_id,datum,winkel_naam,klient_id,produk_kategorie,produk,verkoopsprys,kosprys,hoeveelheid,verkoopsprys_genormaliseer,kosprys_genormaliseer,hoeveelheid_gestandaardiseer,totale_inkomste,log_totale_inkomste,tipe_Bed,tipe_Droër,tipe_Eetstel,tipe_Kas,tipe_Lessenaar,tipe_Mikrogolf,tipe_Stoof,tipe_Wasmajien,tipe_Yskas,jaar,maand,kwartaal,dag_van_week,winsmarge,bruto_wins,maand_naam,is_naweek,seisoen,verkope_kategorie,winsmarge_kategorie,markup_pct,bydrae_marge,wins_opslag_pct,jaar_maand
T00001,2024-09-15,Stellenbosch,K0153,Meubels,Kas,6745.07,4374.17,1,0.2548494186794187,0.2297234643476782,-0.4123517295081363,6745.07,8.816715392087179,False,False,False,True,False,False,False,False,False,2024,9,3,6,35.150117048451676,2370.8999999999996,September,True,Lente,Medium,Goed,54.20228294739344,2320.8999999999996,54.20228294739344,2024-09
T00002,2025-10-25,Paarl,K0073,Meubels,Bank,11654.34,8209.16,1,0.4886765133148848,0.4844581543211352,-0.4123517295081363,11654.34,9.363519723073534,False,False,False,False,False,False,False,False,False,2025,10,4,5,29.56134796136032,3445.1800000000003,October,True,Lente,Medium,Gemiddeld,41.96750946503662,3395.1800000000003,41.96750946503662,2025-10
T00003,2025-10-08,Stellenbosch,K0161,Meubels,Bed,7531.69,5468.08,1,0.2923158992726943,0.3023851465708038,-0.4123517295081363,7531.69,8.927007494715543,True,False,False,False,False,False,False,False,False,2025,10,4,2,27.39902996538625,2063.6099999999997,October,False,Lente,Medium,Gemiddeld,37.73920644906438,2013.6099999999997,37.73920644906438,2025-10
T00004,2025-01-19,Paarl,K0039,Meubels,Lessenaar,4265.86,2809.87,1,0.1367653712973855,0.1258166808813643,-0.4123517295081363,4265.86,8.358633472713018,False,False,False,False,True,False,False,False,False,2025,1,1,6,34.131218558508714,1455.9899999999998,January,True,Somer,Laag,Goed,51.81698797453262,1405.9899999999998,51.81698797453262,2025-01
T00005,2025-03-30,Stellenbosch,K0079,Meubels,Eetstel,19737.64,13822.03,1,0.8736817287678671,0.8572864274877714,-0.4123517295081363,19737.64,9.890333414970694,False,False,True,False,False,False,False,False,False,2025,3,1,6,29.97121236378817,5915.609999999999,March,True,Herfs,Hoog,Gemiddeld,42.79841673039343,5865.609999999999,42.79841673039343,2025-03
T00006,2025-04-22,Paarl,K0180,Meubels,Kas,7151.15,4764.12,1,0.2741908903421242,0.2556254334154332,-0.4123517295081363,7151.15,8.875168289787778,False,False,False,True,False,False,False,False,False,2025,4,2,1,33.379666207533056,2387.0299999999997,April,False,Herfs,Medium,Goed,50.10432146965231,2337.0299999999997,50.10432146965231,2025-04
T00007,2025-08-17,Paarl,K0011,Toestelle,Mikrogolf,2265.26,1615.77,1,0.0414773782703748,0.0464999960145707,-0.4123517295081363,2265.26,7.725886174635167,False,False,False,False,False,True,False,False,False,2025,8,3,6,28.671763947626328,649.4900000000002,August,True,Winter,Laag,Gemiddeld,40.196933969562515,599.4900000000002,40.196933969562515,2025-08
T00008,2025-09-16,Worcester,K0024,Toestelle,Droër,7151.07,5128.09,1,0.2741870799655161,0.2798017116090241,-0.4123517295081363,7151.07,8.87515710427749,False,True,False,False,False,False,False,False,False,2025,9,3,1,28.289193085789954,2022.9799999999996,September,False,Lente,Medium,Gemiddeld,39.44899562995188,1972.9799999999996,39.44899562995188,2025-09
T00009,2025-02-20,Worcester,K0196,Meubels,Bed,8483.92,5768.6,1,0.3376703357418089,0.3223468333107492,-0.4123517295081363,8483.92,9.046045749220816,True,False,False,False,False,False,False,False,False,2025,2,1,3,32.00548802911861,2715.3199999999997,February,False,Somer,Medium,Goed,47.070693062441485,2665.3199999999997,47.070693062441485,2025-02
T00010,2024-12-27,Paarl,K0150,Toestelle,Stoof,5056.1,3427.0,1,0.1744042714321777,0.1668088136439842,-0.4123517295081363,5056.1,8.528548475454372,False,False,False,False,False,False,True,False,False,2024,12,4,4,32.22048614544808,1629.1000000000004,December,False,Somer,Medium,Goed,47.53720455208638,1579.1000000000004,47.53720455208638,2024-12
T00011,2025-09-20,Worcester,K0105,Toestelle,Yskas,6974.34,4971.02,1,0.2657694817411516,0.2693685220168398,-0.4123517295081363,6974.34,8.850136351021256,False,False,False,False,False,False,False,False,True,2025,9,3,5,28.72415167600088,2003.3199999999997,September,True,Lente,Medium,Gemiddeld,40.29997867640846,1953.3199999999997,40.29997867640846,2025-09
T00012,2025-06-07,Paarl,K0178,Meubels,Bank,12785.62,8925.94,1,0.5425590489299987,0.5320694208639879,-0.4123517295081363,12785.62,9.456154590687568,False,False,False,False,False,False,False,False,False,2025,6,2,5,30.18766395372301,3859.6800000000003,June,True,Winter,Medium,Goed,43.24116003468542,3809.6800000000003,43.24116003468542,2025-06
T00013,2025-11-20,Paarl,K0023,Toestelle,Droër,8258.78,5981.3,1,0.3269469833724691,0.3364751800749792,-0.4123517295081363,8258.78,9.019153231777755,False,True,False,False,False,False,False,False,False,2025,11,4,3,27.576470132392437,2277.4800000000005,November,False,Lente,Medium,Gemiddeld,38.07667229532042,2227.4800000000005,38.07667229532042,2025-11
T00014,2025-05-19,Paarl,K0104,Toestelle,Yskas,8548.45,5884.06,3,0.3407438807733159,0.3300161277037816,3.146503737778303,25645.35,10.15215654027835,False,False,False,False,False,False,False,False,True,2025,5,2,0,31.16810649883897,2664.3900000000003,May,False,Herfs,Hoog,Goed,45.28148931180172,2614.3900000000003,45.28148931180172,2025-05
T00015,2025-12-09,Stellenbosch,K0133,Toestelle,Mikrogolf,2227.81,1585.77,1,0.0396936457207089,0.0445072813792773,-0.4123517295081363,2227.81,7.709223089734786,False,False,False,False,False,True,False,False,False,2025,12,4,1,28.81933378519712,642.04,December,False,Somer,Laag,Gemiddeld,40.48758647218701,592.04,40.48758647218701,2025-12
T00016,2025-07-06,Worcester,K0053,Toestelle,Mikrogolf,2555.46,1813.98,1,0.0552995194162503,0.059665861609954,-0.4123517295081363,2555.46,7.846378768006097,False,False,False,False,False,True,False,False,False,2025,7,3,6,29.01551971073701,741.48,July,True,Winter,Laag,Gemiddeld,40.87586412198591,691.48,40.87586412198591,2025-07
T00017,2025-03-31,Worcester,K0179,Meubels,Bed,6798.72,4580.58,1,0.2574047524922245,0.2434340052767083,-0.4123517295081363,6798.72,8.824636713845836,True,False,False,False,False,False,False,False,False,2025,3,1,0,32.62584721829992,2218.1400000000003,March,False,Herfs,Medium,Goed,48.42487195944619,2168.1400000000003,48.42487195944619,2025-03
T00018,2025-11-09,Stellenbosch,K0182,Meubels,Lessenaar,4208.31,3007.32,1,0.1340242816249351,0.1389320643726536,-0.4123517295081363,4208.31,8.345054017757159,False,False,False,False,True,False,False,False,False,2025,11,4,6,28.538534471082215,1200.9900000000002,November,True,Lente,Laag,Gemiddeld,39.935557240333594,1150.9900000000002,39.935557240333594,2025-11
T00019,2024-12-10,Paarl,K0058,Meubels,Lessenaar,4486.5,3087.02,1,0.1472743899825199,0.1442260429204163,-0.4123517295081363,4486.5,8.409051032796535,False,False,False,False,True,False,False,False,False,2024,12,4,1,31.19313496043687,1399.48,December,False,Somer,Laag,Goed,45.3343353784556,1349.48,45.3343353784556,2024-12
T00020,2024-10-25,Paarl,K0184,Meubels,Bank,9355.72,6037.19,1,0.3791939148285568,0.3401876074405306,-0.4123517295081363,9355.72,9.143850080707198,False,False,False,False,False,False,False,False,False,2024,10,4,4,35.47059980418397,3318.5299999999997,October,False,Lente,Medium,Goed,54.968122586832614,3268.5299999999997,54.968122586832614,2024-10
T00022,2025-03-07,Paarl,K0154,Meubels,Kas,4168.73,2836.03,1,0.1321390977980786,0.1275543280433402,-0.4123517295081363,4168.73,8.335606564495153,False,False,False,True,False,False,False,False,False,2025,3,1,4,31.968968966567747,1332.6999999999994,March,False,Herfs,Laag,Goed,46.99174550339733,1282.6999999999994,46.99174550339733,2025-03
T00023,2025-12-03,Worcester,K0107,Meubels,Eetstel,11015.44,7681.37,1,0.4582458931284621,0.4494003257424189,-0.4123517295081363,11015.44,9.30714398151352,False,False,True,False,False,False,False,False,False,2025,12,4,2,30.267243069727584,3334.0700000000006,December,False,Somer,Medium,Goed,43.40462703918703,3284.0700000000006,43.40462703918703,2025-12
T00024,2025-06-14,Worcester,K0077,Toestelle,Yskas,9393.72,6404.38,1,0.3810038437174034,0.3645777703383098,-0.4123517295081363,9393.72,9.147903108316696,False,False,False,False,False,False,False,False,True,2025,6,2,5,31.822749666798668,2989.3399999999992,June,True,Winter,Medium,Goed,46.67649327491497,2939.3399999999992,46.67649327491497,2025-06
T00025,2025-11-14,Stellenbosch,K0086,Toestelle,Droër,7386.16,5382.17,1,0.2853843479254881,0.2966786760935354,-0.4123517295081363,7386.16,8.907498636966569,False,True,False,False,False,False,False,False,False,2025,11,4,4,27.131689538271576,2003.9899999999998,November,False,Lente,Medium,Gemiddeld,37.23386663743434,1953.9899999999998,37.23386663743434,2025-11
T00026,2025-07-22,Paarl,K0062,Toestelle,Wasmajien,7257.05,5144.0,3,0.2792348763770939,0.2808585146039413,3.146503737778303,21771.15,9.988386909113308,False,False,False,False,False,False,False,True,False,2025,7,3,1,29.1172032713017,2113.05,July,False,Winter,Hoog,Gemiddeld,41.07795489891136,2063.05,41.07795489891136,2025-07
T00027,2025-07-28,Stellenbosch,K0122,Toestelle,Yskas,8768.7,6147.91,1,0.3512343238724858,0.3475420529211868,-0.4123517295081363,8768.7,9.079057877255485,False,False,False,False,False,False,False,False,True,2025,7,3,0,29.888010765563887,2620.790000000001,July,False,Winter,Medium,Gemiddeld,42.62895845905358,2570.790000000001,42.62895845905358,2025-07
T00028,2025-07-26,Paarl,K0033,Meubels,Kas,5548.34,3916.09,3,0.1978495187018047,0.199296040343172,3.146503737778303,16645.02,9.719926427795166,False,False,False,True,False,False,False,False,False,2025,7,3,5,29.41870901927423,1632.25,July,True,Winter,Hoog,Gemiddeld,41.680604889060255,1582.25,41.680604889060255,2025-07
T00029,2025-11-27,Worcester,K0113,Toestelle,Yskas,8078.72,5824.64,2,0.3183707782217925,0.3260692242494772,1.3670760041350831,16157.44,9.690197792761852,False,False,False,False,False,False,False,False,True,2025,11,4,3,27.901449734611422,2254.08,November,False,Lente,Hoog,Gemiddeld,38.69904406109219,2204.08,38.69904406109219,2025-11
T00030,2024-10-11,Worcester,K0105,Toestelle,Yskas,11114.24,7334.94,1,0.4629517082394631,0.4263891213722629,-0.4123517295081363,11114.24,9.31607241860783,False,False,False,False,False,False,False,False,True,2024,10,4,4,34.0041244385581,3779.3,October,False,Lente,Medium,Goed,51.524620514959906,3729.3,51.524620514959906,2024-10
T00031,2024-12-06,Stellenbosch,K0178,Toestelle,Stoof,9083.35,6235.38,1,0.3662210113692112,0.3533521445594905,-0.4123517295081363,9083.35,9.11430843176547,False,False,False,False,False,False,True,False,False,2024,12,4,4,31.353740635338283,2847.9700000000003,December,False,Somer,Medium,Goed,45.67436146634207,2797.9700000000003,45.67436146634207,2024-12
T00032,2025-08-12,Worcester,K0137,Meubels,Bed,7229.84,4924.1,2,0.2779388720332646,0.266251916327241,1.3670760041350831,14459.68,9.579188520886447,True,False,False,False,False,False,False,False,False,2025,8,3,1,31.891992077279713,2305.74,August,False,Winter,Medium,Goed,46.825612802339506,2255.74,46.825612802339506,2025-08
T00033,2025-07-25,Paarl,K0018,Toestelle,Droër,5687.69,5045.4,1,0.2044867184560354,0.2743091258359438,-0.4123517295081363,5687.69,8.646235272142732,False,True,False,False,False,False,False,False,False,2025,7,3,4,11.292633740587128,642.29,July,False,Winter,Medium,Swak,12.730209695960676,592.29,12.730209695960676,2025-07
T00034,2025-02-26,Worcester,K0112,Toestelle,Wasmajien,7917.51,5262.01,1,0.310692393059399,0.2886971897409737,-0.4123517295081363,7917.51,8.976958335796425,False,False,False,False,False,False,False,True,False,2025,2,1,2,33.53958504630875,2655.5,February,False,Somer,Medium,Goed,50.465506526973535,2605.5,50.465506526973535,2025-02
T00035,2024-10-09,Worcester,K0077,Meubels,Kas,7546.5,4911.38,1,0.2930212952422685,0.2654070053218765,-0.4123517295081363,7546.5,8.928971661580993,False,False,False,True,False,False,False,False,False,2024,10,4,2,34.91843901146227,2635.12,October,False,Lente,Medium,Goed,53.65335201104373,2585.12,53.65335201104373,2024-10
T00036,2024-07-30,Stellenbosch,K0096,Toestelle,Yskas,10862.56,7245.74,1,0.4509642634303867,0.420464116523324,-0.4123517295081363,10862.56,9.293169348241925,False,False,False,False,False,False,False,False,True,2024,7,3,1,33.29620273673977,3616.8199999999997,July,False,Winter,Medium,Goed,49.91650266225396,3566.8199999999997,49.91650266225396,2024-07
T00037,2025-09-15,Stellenbosch,K0175,Meubels,Lessenaar,3660.78,2525.65,1,0.1079455878220363,0.106937702426595,-0.4123517295081363,3660.78,8.205704646968844,False,False,False,False,True,False,False,False,False,2025,9,3,0,31.00787263916433,1135.13,September,False,Lente,Laag,Goed,44.94407380278345,1085.13,44.94407380278345,2025-09
T00038,2025-01-01,Stellenbosch,K0098,Meubels,Eetstel,14072.36,9405.99,1,0.6038460988887989,0.5639561762197406,-0.4123517295081363,14072.36,9.552038927568978,False,False,True,False,False,False,False,False,False,2025,1,1,2,33.1598253597833,4666.370000000001,January,False,Somer,Medium,Goed,49.61062046631988,4616.370000000001,49.61062046631988,2025-01
T00039,2025-03-04,Paarl,K0066,Meubels,Bank,10802.06,7439.08,1,0.4480826661205127,0.433306498109578,-0.4123517295081363,10802.06,9.287584706314336,False,False,False,False,False,False,False,False,False,2025,3,1,1,31.132765416966762,3362.9799999999996,March,False,Herfs,Medium,Goed,45.20693419078703,3312.9799999999996,45.20693419078703,2025-03
T00040,2025-10-14,Paarl,K0174,Meubels,Kas,5721.51,4092.75,2,0.2060975551671088,0.2110304725922029,1.3670760041350831,11443.02,9.34522260180916,False,False,False,True,False,False,False,False,False,2025,10,4,1,28.467310203075762,1628.7600000000002,October,False,Lente,Medium,Gemiddeld,39.79622503206891,1578.7600000000002,39.79622503206891,2025-10
T00041,2024-12-09,Stellenbosch,K0077,Toestelle,Stoof,9962.55,6515.07,3,0.4080970502922082,0.3719302231043305,3.146503737778303,29887.65,10.30523408865076,False,False,False,False,False,False,True,False,False,2024,12,4,0,34.6043934534833,3447.4799999999996,December,False,Somer,Hoog,Goed,52.915471361013765,3397.4799999999996,52.915471361013765,2024-12
T00042,2025-09-08,Worcester,K0051,Toestelle,Mikrogolf,3178.12,2242.34,1,0.084956633151229,0.0881191696490962,-0.4123517295081363,3178.12,8.064359707917784,False,False,False,False,False,True,False,False,False,2025,9,3,0,29.444451436698422,935.7799999999997,September,False,Lente,Laag,Gemiddeld,41.732297510636194,885.7799999999997,41.732297510636194,2025-09
T00043,2025-07-29,Paarl,K0092,Meubels,Bank,12904.09,8855.24,1,0.5482017403895157,0.5273732567068131,-0.4123517295081363,12904.09,9.465377086169465,False,False,False,False,False,False,False,False,False,2025,7,3,1,31.376486059846144,4048.8500000000004,July,False,Winter,Medium,Goed,45.7226455748235,3998.8500000000004,45.7226455748235,2025-07
T00044,2025-04-29,Worcester,K0169,Toestelle,Yskas,7709.76,5262.29,3,0.3007973213052445,0.288715788410903,3.146503737778303,23129.28,10.04889786064292,False,False,False,False,False,False,False,False,True,2025,4,2,1,31.745086747187983,2447.4700000000003,April,False,Herfs,Hoog,Goed,46.509599432946494,2397.4700000000003,46.509599432946494,2025-04
T00045,2025-08-10,Paarl,K0200,Meubels,Lessenaar,4464.17,3123.34,2,0.1462108186117845,0.1466385561055448,1.3670760041350831,8928.34,9.09709776296451,False,False,False,False,True,False,False,False,False,2025,8,3,6,30.035370516803795,1340.83,August,True,Winter,Medium,Goed,42.92936407819833,1290.83,42.92936407819833,2025-08
T00046,2024-08-20,Worcester,K0059,Toestelle,Stoof,11316.36,7432.44,1,0.4725786247398228,0.4328654439369663,-0.4123517295081363,11316.36,9.334093109010496,False,False,False,False,False,False,True,False,False,2024,8,3,1,34.32128352226335,3883.920000000001,August,False,Winter,Medium,Goed,52.25632497537822,3833.920000000001,52.25632497537822,2024-08
T00047,2025-06-26,Stellenbosch,K0194,Meubels,Lessenaar,4587.05,3211.87,1,0.1520635570818231,0.1525190569942955,-0.4123517295081363,4587.05,8.431210376184648,False,False,False,False,True,False,False,False,False,2025,6,2,3,29.97961652914183,1375.1800000000003,June,False,Winter,Laag,Gemiddeld,42.815556046788956,1325.1800000000003,42.815556046788956,2025-06
T00048,2024-11-18,Worcester,K0113,Meubels,Eetstel,14102.98,9381.48,1,0.6053045205355484,0.5623281283627058,-0.4123517295081363,14102.98,9.554212306039265,False,False,True,False,False,False,False,False,False,2024,11,4,0,33.478739954250806,4721.5,November,False,Lente,Medium,Goed,50.32788003598579,4671.5,50.32788003598579,2024-11
T00049,2024-08-04,Worcester,K0076,Toestelle,Wasmajien,6670.49,4385.67,1,0.2512971950865194,0.2304873382912073,-0.4123517295081363,6670.49,8.805598502268063,False,False,False,False,False,False,False,True,False,2024,8,3,6,34.25265610172566,2284.8199999999997,August,True,Winter,Medium,Goed,52.09739902911071,2234.8199999999997,52.09739902911071,2024-08
T00050,2025-05-31,Worcester,K0139,Toestelle,Wasmajien,7535.67,5114.21,1,0.2925054655089472,0.278879748971095,-0.4123517295081363,7535.67,8.927535718885984,False,False,False,False,False,False,False,True,False,2025,5,2,5,32.13330732370181,2421.46,May,True,Herfs,Medium,Goed,47.347684197559346,2371.46,47.347684197559346,2025-05
T00051,2025-07-10,Worcester,K0124,Toestelle,Wasmajien,5787.26,3932.32,1,0.2092292084418894,0.2003740989608657,-0.4123517295081363,5787.26,8.663587007267703,False,False,False,False,False,False,False,True,False,2025,7,3,3,32.05212829560103,1854.94,July,False,Winter,Medium,Goed,47.171644220205884,1804.94,47.171644220205884,2025-07
T00052,2025-04-29,Worcester,K0020,Toestelle,Yskas,7996.49,5379.04,1,0.3144541873657437,0.2964707695332531,-0.4123517295081363,7996.49,8.986883021432144,False,False,False,False,False,False,False,False,True,2025,4,2,1,32.73248637839853,2617.45,April,False,Herfs,Medium,Goed,48.660169844433206,2567.45,48.660169844433206,2025-04
T00053,2024-11-22,Stellenbosch,K0102,Toestelle,Droër,7598.48,4964.91,1,0.2954970874433801,0.2689626724694517,-0.4123517295081363,7598.48,8.935835102880963,False,True,False,False,False,False,False,False,False,2024,11,4,4,34.65916867584043,2633.5699999999997,November,False,Lente,Medium,Goed,53.04366040874859,2583.5699999999997,53.04366040874859,2024-11
T00054,2024-07-15,Paarl,K0192,Meubels,Kas,6493.13,4301.94,1,0.2428495901463661,0.2249256717441035,-0.4123517295081363,6493.13,8.77865397094102,False,False,False,True,False,False,False,False,False,2024,7,3,0,33.74628260946571,2191.1900000000005,July,False,Winter,Medium,Goed,50.93492703292005,2141.1900000000005,50.93492703292005,2024-07
T00055,2025-03-26,Worcester,K0060,Toestelle,Stoof,8674.74,5801.78,1,0.3467590365462746,0.3245507756973836,-0.4123517295081363,8674.74,9.06828590377066,False,False,False,False,False,False,True,False,False,2025,3,1,2,33.11868713068058,2872.96,March,False,Herfs,Medium,Goed,49.51859601708441,2822.96,49.51859601708441,2025-03
T00056,2025-10-26,Stellenbosch,K0017,Toestelle,Droër,7662.37,5045.4,1,0.2985401494620224,0.2743091258359438,-0.4123517295081363,7662.37,8.944207113766666,False,True,False,False,False,False,False,False,False,2025,10,4,6,34.15353213170338,2616.9700000000003,October,True,Lente,Medium,Goed,51.86843461370755,2566.9700000000003,51.86843461370755,2025-10
T00057,2025-10-19,Worcester,K0012,Toestelle,Mikrogolf,2148.97,1545.58,1,0.0359385195734283,0.041837708006196,-0.4123517295081363,2148.97,7.673209167535985,False,False,False,False,False,True,False,False,False,2025,10,4,6,28.07810253284131,603.3899999999999,October,True,Lente,Laag,Gemiddeld,39.03971324680702,553.3899999999999,39.03971324680702,2025-10
T00058,2024-08-08,Paarl,K0138,Toestelle,Yskas,8344.68,5480.82,1,0.3310383752554143,0.3032313860525917,-0.4123517295081363,8344.68,9.029499318695851,False,False,False,False,False,False,False,False,True,2024,8,3,3,34.31959044564921,2863.8600000000006,August,False,Winter,Medium,Goed,52.252400188293,2813.8600000000006,52.252400188293,2024-08
T00059,2024-11-16,Paarl,K0191,Toestelle,Stoof,9033.02,6190.12,1,0.3638238081856416,0.3503458024130446,-0.4123517295081363,9033.02,9.108752730070854,False,False,False,False,False,False,True,False,False,2024,11,4,5,31.472309371616586,2842.9000000000005,November,True,Lente,Medium,Goed,45.92641176584623,2792.9000000000005,45.92641176584623,2024-11
T00060,2025-09-03,Worcester,K0126,Meubels,Kas,6391.58,4499.77,1,0.2380127933394616,0.2380662962874398,-0.4123517295081363,6391.58,8.762893221752657,False,False,False,True,False,False,False,False,False,2025,9,3,2,29.598471739382116,1891.8099999999995,September,False,Lente,Medium,Gemiddeld,42.04237105452055,1841.8099999999995,42.04237105452055,2025-09
T00061,2025-08-22,Paarl,K0114,Meubels,Bed,5169.26,3699.95,1,0.1797940491443323,0.184939195634095,-0.4123517295081363,5169.26,8.550678256373365,True,False,False,False,False,False,False,False,False,2025,8,3,4,28.423991054812493,1469.3100000000004,August,False,Winter,Medium,Gemiddeld,39.71161772456386,1419.3100000000004,39.71161772456386,2025-08
T00062,2025-02-27,Paarl,K0166,Meubels,Bed,7158.71,4894.54,1,0.2745509709315895,0.2642884281732651,-0.4123517295081363,7158.71,8.876224756341134,True,False,False,False,False,False,False,False,False,2025,2,1,3,31.62818440752594,2264.17,February,False,Somer,Medium,Goed,46.25909687120751,2214.17,46.25909687120751,2025-02
T00063,2025-07-03,Stellenbosch,K0032,Toestelle,Stoof,8209.69,5713.24,1,0.324608841026325,0.3186696105704212,-0.4123517295081363,8209.69,9.013192242763951,False,False,False,False,False,False,True,False,False,2025,7,3,3,30.408578155813444,2496.4500000000007,July,False,Winter,Medium,Goed,43.69587134445605,2446.4500000000007,43.69587134445605,2025-07
T00064,2025-10-09,Stellenbosch,K0013,Meubels,Lessenaar,4904.05,3433.88,3,0.1671621743914114,0.1672658095336782,3.146503737778303,14712.15,9.596496930711568,False,False,False,False,True,False,False,False,False,2025,10,4,3,29.97869108186091,1470.17,October,False,Lente,Medium,Gemiddeld,42.813668503267444,1420.17,42.813668503267444,2025-10
T00065,2025-06-07,Stellenbosch,K0196,Meubels,Lessenaar,4757.55,3207.92,1,0.1601844222278319,0.1522566829006485,-0.4123517295081363,4757.55,8.467698278970067,False,False,False,False,True,False,False,False,False,2025,6,2,5,32.57201710964677,1549.63,June,True,Winter,Laag,Goed,48.30637921145166,1499.63,48.30637921145166,2025-06
T00066,2025-01-29,Worcester,K0038,Meubels,Bank,11813.89,8071.98,1,0.4962758331626602,0.4753461345321503,-0.4123517295081363,11813.89,9.377115879378769,False,False,False,False,False,False,False,False,False,2025,1,1,2,31.673817853391224,3741.91,January,False,Somer,Medium,Goed,46.35677987309186,3691.91,46.35677987309186,2025-01
T00067,2024-07-03,Paarl,K0045,Meubels,Bank,7203.07,4743.99,1,0.2766638247607798,0.2542883218951512,-0.4123517295081363,7203.07,8.882401423072626,False,False,False,False,False,False,False,False,False,2024,7,3,2,34.13933225694044,2459.08,July,False,Winter,Medium,Goed,51.83569105331166,2409.08,51.83569105331166,2024-07
T00068,2024-10-21,Worcester,K0061,Meubels,Bank,11933.72,8117.21,1,0.501983301024515,0.478350483963961,-0.4123517295081363,11933.72,9.387207078087174,False,False,False,False,False,False,False,False,False,2024,10,4,0,31.98089112196364,3816.5099999999993,October,False,Lente,Medium,Goed,47.01750971084891,3766.5099999999993,47.01750971084891,2024-10
T00069,2025-05-28,Stellenbosch,K0190,Meubels,Bed,8120.46,5739.78,1,0.3203588422170676,0.320432498784444,-0.4123517295081363,8120.46,9.002265219948775,True,False,False,False,False,False,False,False,False,2025,5,2,2,29.317058393243734,2380.6800000000003,May,False,Herfs,Medium,Gemiddeld,41.47685102913353,2330.6800000000003,41.47685102913353,2025-05
T00070,2025-09-05,Worcester,K0200,Meubels,Eetstel,22389.73,15970.56,1,1.0,1.0,-0.4123517295081363,22389.73,10.016402312902308,False,False,True,False,False,False,False,False,False,2025,9,3,4,28.670153682067628,6419.17,September,False,Lente,Hoog,Gemiddeld,40.193769035024445,6369.17,40.193769035024445,2025-09
T00071,2025-07-06,Worcester,K0158,Meubels,Kas,5711.46,4060.11,1,0.2056188766057165,0.2088623990690037,-0.4123517295081363,5711.46,8.650405032989761,False,False,False,True,False,False,False,False,False,2025,7,3,6,28.912922440146648,1651.35,July,True,Winter,Medium,Gemiddeld,40.67254335473669,1601.35,40.67254335473669,2025-07
T00072,2024-08-14,Worcester,K0008,Toestelle,Mikrogolf,2650.77,1734.43,1,0.059839106847723,0.0543818466353677,-0.4123517295081363,2650.77,7.882982620546258,False,False,False,False,False,True,False,False,False,2024,8,3,2,34.56882339848421,916.3399999999999,August,False,Winter,Laag,Goed,52.832342613999984,866.3399999999999,52.832342613999984,2024-08
T00073,2024-09-01,Paarl,K0126,Toestelle,Mikrogolf,3071.41,2052.54,1,0.0798740670531023,0.0755119283898068,-0.4123517295081363,3071.41,8.030217548903764,False,False,False,False,False,True,False,False,False,2024,9,3,6,33.172712207097064,1018.8699999999999,September,True,Lente,Laag,Goed,49.639471094351386,968.8699999999999,49.639471094351386,2024-09
T00074,2025-09-28,Stellenbosch,K0017,Meubels,Bed,9503.87,6608.19,1,0.3862502560096784,0.3781156093322811,-0.4123517295081363,9503.87,9.1595595778169,True,False,False,False,False,False,False,False,False,2025,9,3,6,30.46843022894885,2895.680000000001,September,True,Lente,Medium,Goed,43.81956329948142,2845.680000000001,43.81956329948142,2025-09
T00075,2024-11-07,Paarl,K0136,Toestelle,Mikrogolf,3201.4,2113.61,3,0.0860654527441856,0.0795684311490524,3.146503737778303,9604.2,9.17005989747416,False,False,False,False,False,True,False,False,False,2024,11,4,3,33.97857187480477,1087.79,November,False,Lente,Medium,Goed,51.465975274530294,1037.79,51.465975274530294,2024-11
T00076,2025-04-28,Paarl,K0030,Toestelle,Yskas,6196.3,4235.6,1,0.2287116640390945,0.2205191154472582,-0.4123517295081363,6196.3,8.731868992311576,False,False,False,False,False,False,False,False,True,2025,4,2,0,31.643077320336328,1960.6999999999998,April,False,Herfs,Medium,Goed,46.290962319388036,1910.6999999999998,46.290962319388036,2025-04
T00077,2025-02-06,Paarl,K0117,Toestelle,Wasmajien,5514.2,3835.63,1,0.1962234404842988,0.1939515796913152,-0.4123517295081363,5514.2,8.615263195762601,False,False,False,False,False,False,False,True,False,2025,2,1,3,30.440861775053495,1678.5699999999997,February,False,Somer,Medium,Goed,43.762563125223224,1628.5699999999997,43.762563125223224,2025-02
T00078,2025-08-13,Paarl,K0171,Meubels,Bed,6867.4,4786.03,1,0.2606759608102765,0.257080779337409,-0.4123517295081363,6867.4,8.834686461439647,True,False,False,False,False,False,False,False,False,2025,8,3,2,30.30797681800973,2081.37,August,False,Winter,Medium,Goed,43.48844449366176,2031.37,43.48844449366176,2025-08
T00079,2025-03-19,Paarl,K0022,Meubels,Kas,3674.0,2481.07,1,0.1085752525565245,0.1039765284785491,-0.4123517295081363,3674.0,8.209308411646937,False,False,False,True,False,False,False,False,False,2025,3,1,2,32.46951551442569,1192.9299999999998,March,False,Herfs,Laag,Goed,48.081271386941914,1142.9299999999998,48.081271386941914,2025-03
T00080,2024-10-04,Paarl,K0143,Meubels,Bed,8137.13,5490.05,1,0.32115282944278,0.3038444779220502,-0.4123517295081363,8137.13,9.00431570287494,True,False,False,False,False,False,False,False,False,2024,10,4,4,32.53088005230345,2647.08,October,False,Lente,Medium,Goed,48.215954317355944,2597.08,48.215954317355944,2024-10
T00081,2024-08-31,Worcester,K0171,Toestelle,Yskas,7161.15,4557.5,1,0.2746671874181364,0.241900943483956,-0.4123517295081363,7161.15,8.876565494209485,False,False,False,False,False,False,False,False,True,2024,8,3,5,36.35798719479413,2603.6499999999996,August,True,Winter,Medium,Goed,57.12890839275918,2553.6499999999996,57.12890839275918,2024-08
T00082,2025-09-07,Worcester,K0091,Meubels,Bed,11099.87,7980.18,1,0.4622672693412335,0.4692484277481527,-0.4123517295081363,11099.87,9.31477876260738,True,False,False,False,False,False,False,False,False,2025,9,3,6,28.105644480520947,3119.6900000000005,September,True,Lente,Medium,Gemiddeld,39.09297785262989,3069.6900000000005,39.09297785262989,2025-09
T00083,2024-10-15,Worcester,K0058,Meubels,Bank,10041.87,6473.78,1,0.4118750386991375,0.3691875835279551,-0.4123517295081363,10041.87,9.21461820897022,False,False,False,False,False,False,False,False,False,2024,10,4,1,35.532126984316676,3568.090000000001,October,False,Lente,Medium,Goed,55.11602186048956,3518.090000000001,55.11602186048956,2024-10
T00084,2024-10-19,Paarl,K0147,Toestelle,Yskas,8355.88,5402.69,1,0.331571827980548,0.298041692904076,-0.4123517295081363,8355.88,9.030840430678523,False,False,False,False,False,False,False,False,True,2024,10,4,5,35.342656907471145,2953.1899999999996,October,True,Lente,Medium,Goed,54.661474191560124,2903.1899999999996,54.661474191560124,2024-10
T00085,2025-02-17,Paarl,K0178,Meubels,Lessenaar,5313.52,3531.01,2,0.186665110762885,0.1737175552845463,1.3670760041350831,10627.04,9.271251070515827,False,False,False,False,True,False,False,False,False,2025,2,1,0,33.546688447582774,1782.5100000000002,February,False,Somer,Medium,Goed,50.48159025321367,1732.5100000000002,50.48159025321367,2025-02
T00086,2025-03-31,Stellenbosch,K0080,Meubels,Bed,5538.27,3759.95,1,0.1973698875462604,0.1889246249046818,-0.4123517295081363,5538.27,8.61961800210597,True,False,False,False,False,False,False,False,False,2025,3,1,0,32.10966601483858,1778.3200000000006,March,False,Herfs,Medium,Goed,47.29637362198967,1728.3200000000006,47.29637362198967,2025-03
T00087,2025-06-13,Paarl,K0145,Meubels,Bank,7981.29,5659.16,2,0.3137302158102051,0.3150774103211989,1.3670760041350831,15962.58,9.67806515662684,False,False,False,False,False,False,False,False,False,2025,6,2,4,29.094670159836316,2322.13,June,False,Winter,Hoog,Gemiddeld,41.033121523335616,2272.13,41.033121523335616,2025-06
T00088,2025-08-15,Stellenbosch,K0136,Meubels,Eetstel,15553.9,10649.24,1,0.6744114158883179,0.6465375918973565,-0.4123517295081363,15553.9,9.652130980510044,False,False,True,False,False,False,False,False,False,2025,8,3,4,31.533313188332183,4904.66,August,False,Winter,Hoog,Goed,46.056432196100374,4854.66,46.056432196100374,2025-08
T00089,2025-02-06,Paarl,K0095,Toestelle,Mikrogolf,2629.94,1797.99,1,0.0588469800383895,0.0586037447093426,-0.4123517295081363,2629.94,7.875096475763151,False,False,False,False,False,True,False,False,False,2025,2,1,3,31.633801531593882,831.95,February,False,Somer,Laag,Goed,46.27111385491577,781.95,46.27111385491577,2025-02
T00090,2025-05-16,Worcester,K0014,Toestelle,Droër,7438.19,5168.95,1,0.2878625216119798,0.2825157889422935,-0.4123517295081363,7438.19,8.914517250932521,False,True,False,False,False,False,False,False,False,2025,5,2,4,30.507959597697827,2269.24,May,False,Herfs,Medium,Goed,43.90137261919732,2219.24,43.90137261919732,2025-05
T00091,2024-12-07,Stellenbosch,K0170,Meubels,Eetstel,16565.82,10833.4,1,0.7226088696041495,0.6587702028052107,-0.4123517295081363,16565.82,9.715157178906978,False,False,True,False,False,False,False,False,False,2024,12,4,5,34.603901285900726,5732.42,December,True,Somer,Hoog,Goed,52.9143205272583,5682.42,52.9143205272583,2024-12
T00092,2025-09-08,Paarl,K0194,Toestelle,Mikrogolf,2648.49,1836.07,1,0.0597305111143922,0.0611331638197416,-0.4123517295081363,2648.49,7.882122447628657,False,False,False,False,False,True,False,False,False,2025,9,3,0,30.67483736015616,812.4199999999998,September,False,Lente,Laag,Goed,44.247768331272766,762.4199999999998,44.247768331272766,2025-09
T00093,2025-12-07,Stellenbosch,K0174,Toestelle,Mikrogolf,2159.99,1576.03,1,0.0364633989511938,0.0438603133610187,-0.4123517295081363,2159.99,7.678321729008904,False,False,False,False,False,True,False,False,False,2025,12,4,6,27.035310348659014,583.9599999999998,December,True,Somer,Laag,Gemiddeld,37.05259417650678,533.9599999999998,37.05259417650678,2025-12
T00094,2025-11-11,Worcester,K0154,Toestelle,Yskas,9464.51,6589.95,1,0.3843755507184941,0.3769040388340228,-0.4123517295081363,9464.51,9.155409944917633,False,False,False,False,False,False,False,False,True,2025,11,4,1,30.37198967511261,2874.5600000000004,November,False,Lente,Medium,Goed,43.62036130774893,2824.5600000000004,43.62036130774893,2025-11
T00095,2024-08-26,Stellenbosch,K0197,Meubels,Bed,8586.14,5784.37,2,0.3425390444528061,0.3233943369707017,1.3670760041350831,17172.28,9.75110996651524,True,False,False,False,False,False,False,False,False,2024,8,3,0,32.63131046081242,2801.7699999999995,August,False,Winter,Hoog,Goed,48.43690842736546,2751.7699999999995,48.43690842736546,2024-08
T00096,2024-11-18,Paarl,K0128,Toestelle,Stoof,7214.17,4899.31,1,0.2771925145151534,0.2646052698002769,-0.4123517295081363,7214.17,8.883941032953953,False,False,False,False,False,False,True,False,False,2024,11,4,0,32.087682990558854,2314.8599999999997,November,False,Lente,Medium,Goed,47.248694203877676,2264.8599999999997,47.248694203877676,2024-11
T00097,2025-09-14,Stellenbosch,K0059,Meubels,Kas,8798.66,6144.69,1,0.3526613099122184,0.3473281682169986,-0.4123517295081363,8798.66,9.082468363356258,False,False,False,True,False,False,False,False,False,2025,9,3,6,30.163343054510577,2653.9700000000003,September,True,Lente,Medium,Goed,43.19127571936095,2603.9700000000003,43.19127571936095,2025-09
T00098,2025-11-25,Worcester,K0190,Toestelle,Yskas,9947.67,7194.66,1,0.407388320243102,0.4170711877376312,-0.4123517295081363,9947.67,9.20519415287652,False,False,False,False,False,False,False,False,True,2025,11,4,1,27.674922871385967,2753.01,November,False,Lente,Medium,Gemiddeld,38.26462960028688,2703.01,38.26462960028688,2025-11
T00099,2024-08-13,Paarl,K0081,Meubels,Kas,4537.98,2999.03,2,0.1497263673298309,0.1383814108951008,1.3670760041350831,9075.96,9.113494613774602,False,False,False,True,False,False,False,False,False,2024,8,3,1,33.912665987950575,1538.9499999999994,August,False,Winter,Medium,Goed,51.31492515913476,1488.9499999999994,51.31492515913476,2024-08
T00100,2025-09-13,Worcester,K0104,Toestelle,Mikrogolf,2893.54,2009.81,1,0.0714021709620724,0.0726736385109373,-0.4123517295081363,2893.54,7.970581482736063,False,False,False,False,False,True,False,False,False,2025,9,3,5,30.54148206003719,883.73,September,True,Lente,Laag,Goed,43.97082311263254,833.73,43.97082311263254,2025-09
T00101,2024-07-22,Paarl,K0177,Meubels,Lessenaar,5463.38,3516.75,1,0.1938028987440046,0.1727703515945702,-0.4123517295081363,5463.38,8.606005944952464,False,False,False,False,True,False,False,False,False,2024,7,3,0,35.6305071219648,1946.63,July,False,Winter,Medium,Goed,55.35309589820147,1896.63,55.35309589820147,2024-07
T00102,2025-07-06,Stellenbosch,K0151,Toestelle,Yskas,9825.56,6818.29,1,0.4015722566479164,0.3920712541614524,-0.4123517295081363,9825.56,9.192844202759424,False,False,False,False,False,False,False,False,True,2025,7,3,6,30.60660155757025,3007.2699999999995,July,True,Winter,Medium,Goed,44.10592685262726,2957.2699999999995,44.10592685262726,2025-07
T00103,2025-08-15,Worcester,K0191,Meubels,Kas,5631.92,3998.37,2,0.2018304096631151,0.2047613923495699,1.3670760041350831,11263.84,9.329441649480968,False,False,False,True,False,False,False,False,False,2025,8,3,4,29.00520603985852,1633.5500000000002,August,False,Winter,Medium,Gemiddeld,40.855398574919285,1583.5500000000002,40.855398574919285,2025-08
T00104,2025-06-13,Stellenbosch,K0163,Toestelle,Wasmajien,5869.4,4126.29,1,0.213141512624254,0.2132583275544608,-0.4123517295081363,5869.4,8.677678053601017,False,False,False,False,False,False,False,True,False,2025,6,2,4,29.698265580808936,1743.1099999999997,June,False,Winter,Medium,Gemiddeld,42.24400126990589,1693.1099999999997,42.24400126990589,2025-06
T00105,2024-10-25,Worcester,K0166,Meubels,Bed,7845.8,5068.27,1,0.3072768667273152,0.2758282386262491,-0.4123517295081363,7845.8,8.967861084355231,True,False,False,False,False,False,False,False,False,2024,10,4,4,35.40148869458818,2777.5299999999997,October,False,Lente,Medium,Goed,54.80232899983623,2727.5299999999997,54.80232899983623,2024-10
T00106,2024-11-29,Stellenbosch,K0045,Meubels,Bank,12852.88,8486.89,1,0.545762623063257,0.5029060421764694,-0.4123517295081363,12852.88,9.46140099027228,False,False,False,False,False,False,False,False,False,2024,11,4,4,33.96896259826592,4365.99,November,False,Lente,Medium,Goed,51.443932936564515,4315.99,51.443932936564515,2024-11
T00107,2024-12-04,Worcester,K0161,Meubels,Bank,12032.5,8018.08,3,0.506688163541364,0.47176589057074,3.146503737778303,36097.5,10.494006592211155,False,False,False,False,False,False,False,False,False,2024,12,4,2,33.363141491793066,4014.42,December,False,Somer,Hoog,Goed,50.06709835771157,3964.42,50.06709835771157,2024-12
T00108,2025-11-18,Paarl,K0160,Toestelle,Droër,8244.24,5874.2,1,0.3262544474239472,0.3293611888269818,-0.4123517295081363,8244.24,9.017391343120693,False,True,False,False,False,False,False,False,False,2025,11,4,1,28.747828787128952,2370.04,November,False,Lente,Medium,Gemiddeld,40.34660038813796,2320.04,40.34660038813796,2025-11
T00109,2025-05-27,Worcester,K0121,Toestelle,Wasmajien,7938.5,5538.36,1,0.3116921406219487,0.3070534127230844,-0.4123517295081363,7938.5,8.979605579966153,False,False,False,False,False,False,False,True,False,2025,5,2,1,30.234175222019278,2400.1400000000003,May,False,Herfs,Medium,Goed,43.336655616464085,2350.1400000000003,43.336655616464085,2025-05
T00110,2025-09-26,Worcester,K0091,Toestelle,Stoof,6957.12,5033.28,1,0.2649492981762585,0.2735040691232853,-0.4123517295081363,6957.12,8.847664601898325,False,False,False,False,False,False,True,False,False,2025,9,3,4,27.652821857320276,1923.8400000000001,September,False,Lente,Medium,Gemiddeld,38.2223917604425,1873.8400000000001,38.2223917604425,2025-09
T00111,2025-12-02,Stellenbosch,K0015,Toestelle,Mikrogolf,1964.55,1372.23,1,0.0271546488976104,0.0303231386052591,-0.4123517295081363,1964.55,7.583527383357993,False,False,False,False,False,True,False,False,False,2025,12,4,1,30.150416125830343,592.3199999999999,December,False,Somer,Laag,Goed,43.164775584267936,542.3199999999999,43.164775584267936,2025-12
T00112,2025-07-13,Paarl,K0130,Meubels,Eetstel,16447.42,11159.73,1,0.7169695122241644,0.6804462883697202,-0.4123517295081363,16447.42,9.707984702948334,False,False,True,False,False,False,False,False,False,2025,7,3,6,32.14905438056546,5287.689999999999,July,True,Winter,Hoog,Goed,47.381881102858216,5237.689999999999,47.381881102858216,2025-07
T00114,2025-01-09,Paarl,K0016,Toestelle,Droër,7356.8,4827.54,1,0.2839859397103161,0.2598380321544433,-0.4123517295081363,7356.8,8.903516253996035,False,True,False,False,False,False,False,False,False,2025,1,1,3,34.37989343192693,2529.26,January,False,Somer,Medium,Goed,52.39231575502223,2479.26,52.39231575502223,2025-01
T00115,2025-10-05,Stellenbosch,K0045,Toestelle,Yskas,9946.48,6860.96,1,0.4073316408910565,0.3949055586110513,-0.4123517295081363,9946.48,9.205074531743646,False,False,False,False,False,False,False,False,True,2025,10,4,6,31.02122559940803,3085.5199999999995,October,True,Lente,Medium,Goed,44.97213217975327,3035.5199999999995,44.97213217975327,2025-10
T00116,2024-08-10,Stellenbosch,K0157,Toestelle,Mikrogolf,2463.59,1576.12,1,0.0509237781789257,0.0438662915049246,-0.4123517295081363,2463.59,7.809780744042249,False,False,False,False,False,True,False,False,False,2024,8,3,5,36.02344545967471,887.4700000000003,August,True,Winter,Laag,Goed,56.30726086846182,837.4700000000003,56.30726086846182,2024-08
T00117,2024-12-10,Paarl,K0199,Toestelle,Stoof,6975.77,4571.91,1,0.2658375922230214,0.2428581107471085,-0.4123517295081363,6975.77,8.85034133793793,False,False,False,False,False,False,True,False,False,2024,12,4,1,34.46013845066567,2403.8600000000006,December,False,Somer,Medium,Goed,52.5789002845638,2353.8600000000006,52.5789002845638,2024-12
T00118,2025-06-12,Worcester,K0025,Meubels,Bed,4970.31,3479.72,1,0.1703181188170686,0.1703106774964064,-0.4123517295081363,4970.31,8.511438665848111,True,False,False,False,False,False,False,False,False,2025,6,2,3,29.989879906887108,1490.5900000000006,June,False,Winter,Laag,Gemiddeld,42.836492591357946,1440.5900000000006,42.836492591357946,2025-06
T00119,2025-07-31,Paarl,K0086,Toestelle,Droër,6756.91,4589.43,2,0.2554133544174172,0.2440218560941199,1.3670760041350831,13513.82,9.511542140086894,False,True,False,False,False,False,False,False,False,2025,7,3,3,32.07797647149362,2167.4799999999996,July,False,Winter,Medium,Goed,47.227651364112745,2117.4799999999996,47.227651364112745,2025-07
T00120,2024-09-22,Worcester,K0168,Meubels,Bed,5508.52,3580.19,1,0.1959529037451239,0.1769842788100039,-0.4123517295081363,5508.52,8.614232784014717,True,False,False,False,False,False,False,False,False,2024,9,3,6,35.00631748636658,1928.3300000000004,September,True,Lente,Medium,Goed,53.86110793002607,1878.3300000000004,53.86110793002607,2024-09
T00121,2025-08-06,Stellenbosch,K0165,Meubels,Bed,6232.29,4337.39,1,0.2304258572156625,0.2272803962048085,-0.4123517295081363,6232.29,8.737659562278747,True,False,False,False,False,False,False,False,False,2025,8,3,2,30.40455434519253,1894.8999999999996,August,False,Winter,Medium,Goed,43.68756325808838,1844.8999999999996,43.68756325808838,2025-08
T00122,2025-06-02,Stellenbosch,K0005,Meubels,Kas,6230.59,4194.28,1,0.2303448867127405,0.2177744831562474,-0.4123517295081363,6230.59,8.737386795912677,False,False,False,True,False,False,False,False,False,2025,6,2,0,32.68245864356346,2036.3100000000004,June,False,Winter,Medium,Goed,48.54969148459332,1986.3100000000004,48.54969148459332,2025-06
T00123,2025-07-07,Paarl,K0197,Meubels,Bank,12145.52,8278.04,1,0.5120712730944545,0.4890334271237688,-0.4123517295081363,12145.52,9.404797987989635,False,False,False,False,False,False,False,False,False,2025,7,3,0,31.842852343909517,3867.4799999999996,July,False,Winter,Medium,Goed,46.719754917830784,3817.4799999999996,46.719754917830784,2025-07
T00124,2025-11-10,Stellenbosch,K0076,Meubels,Bank,9142.57,6423.49,1,0.3690416426533557,0.3658471295609916,-0.4123517295081363,9142.57,9.120806178997093,False,False,False,False,False,False,False,False,False,2025,11,4,0,29.740871549247096,2719.08,November,False,Lente,Medium,Gemiddeld,42.33025971862648,2669.08,42.33025971862648,2025-11
T00125,2024-10-12,Worcester,K0159,Meubels,Bed,10166.1,6783.71,2,0.4177920772744376,0.3897743184251708,1.3670760041350831,20332.2,9.92001029708879,True,False,False,False,False,False,False,False,False,2024,10,4,5,33.271264299977375,3382.3900000000003,October,True,Lente,Hoog,Goed,49.86047457807012,3332.3900000000003,49.86047457807012,2024-10
T00126,2024-11-12,Worcester,K0178,Toestelle,Wasmajien,8580.7,5781.78,1,0.3422799388434555,0.3232222992738547,-0.4123517295081363,8580.7,9.057387308053958,False,False,False,False,False,False,False,True,False,2024,11,4,1,32.61878401529014,2798.920000000001,November,False,Lente,Medium,Goed,48.40931339483691,2748.920000000001,48.40931339483691,2024-11
T00127,2024-12-17,Worcester,K0174,Toestelle,Yskas,10030.07,6567.3,1,0.411313008149443,0.3753995392843763,-0.4123517295081363,10030.07,9.213442555226198,False,False,False,False,False,False,False,False,True,2024,12,4,1,34.523886672774964,3462.7699999999995,December,False,Somer,Medium,Goed,52.7274526822286,3412.7699999999995,52.7274526822286,2024-12
T00128,2025-03-01,Paarl,K0062,Toestelle,Mikrogolf,2756.89,1832.18,1,0.064893571418365,0.0608747751553653,-0.4123517295081363,2756.89,7.922221173583966,False,False,False,False,False,True,False,False,False,2025,3,1,5,33.54178077471353,924.7099999999998,March,True,Herfs,Laag,Goed,50.47047779148336,874.7099999999998,50.47047779148336,2025-03
T00129,2025-05-13,Paarl,K0147,Meubels,Bed,9030.1,6112.99,1,0.363684729439446,0.3452225330857053,-0.4123517295081363,9030.1,9.108429455160373,True,False,False,False,False,False,False,False,False,2025,5,2,1,32.30429341867754,2917.1100000000006,May,False,Herfs,Medium,Goed,47.71985558621887,2867.1100000000006,47.71985558621887,2025-05
T00130,2025-09-25,Paarl,K0108,Toestelle,Mikrogolf,4426.37,3091.58,1,0.1444104156644582,0.1445289355449808,-0.4123517295081363,4426.37,8.395561007283513,False,False,False,False,False,True,False,False,False,2025,9,3,3,30.155409511631426,1334.79,September,False,Lente,Laag,Goed,43.17501083588327,1284.79,43.17501083588327,2025-09
T00131,2024-12-13,Stellenbosch,K0124,Meubels,Bed,9908.0,6478.29,1,0.4054988497425614,0.3694871549614609,-0.4123517295081363,9908.0,9.2011987140589,True,False,False,False,False,False,False,False,False,2024,12,4,4,34.61556318126766,3429.71,December,False,Somer,Medium,Goed,52.94159415524776,3379.71,52.94159415524776,2024-12
T00132,2025-07-16,Worcester,K0073,Meubels,Lessenaar,5151.39,3622.18,2,0.1789429062694984,0.1797734150612029,1.3670760041350831,10302.78,9.240266097184524,False,False,False,False,True,False,False,False,False,2025,7,3,2,29.685385886139475,1529.2100000000005,July,False,Winter,Medium,Gemiddeld,42.217946098758226,1479.2100000000005,42.217946098758226,2025-07
T00133,2024-09-24,Stellenbosch,K0038,Toestelle,Mikrogolf,2113.59,1383.65,2,0.034253380518497,0.0310816986430941,1.3670760041350831,4227.18,8.34952691940463,False,False,False,False,False,True,False,False,False,2024,9,3,1,34.53555325299609,729.94,September,False,Lente,Laag,Goed,52.754670617569474,679.94,52.754670617569474,2024-09
T00135,2025-08-29,Stellenbosch,K0099,Toestelle,Droër,9277.59,6578.68,1,0.3754726057736732,0.3761554423693642,-0.4123517295081363,9277.59,9.135464874581077,False,True,False,False,False,False,False,False,False,2025,8,3,4,29.090636684742478,2698.91,August,False,Winter,Medium,Gemiddeld,41.025099260033926,2648.91,41.025099260033926,2025-08
T00136,2024-09-22,Paarl,K0026,Meubels,Eetstel,9398.2,6147.78,1,0.3812172248074569,0.3475334178244338,-0.4123517295081363,9398.2,9.148379858253364,False,False,True,False,False,False,False,False,False,2024,9,3,6,34.5855589368177,3250.420000000001,September,True,Lente,Medium,Goed,52.87144302496187,3200.420000000001,52.87144302496187,2024-09
T00137,2025-06-09,Stellenbosch,K0121,Meubels,Eetstel,13584.2,9613.48,1,0.580595180826185,0.5777384548756412,-0.4123517295081363,13584.2,9.516736243872064,False,False,True,False,False,False,False,False,False,2025,6,2,0,29.230429469530783,3970.720000000001,June,False,Winter,Medium,Gemiddeld,41.30366943084087,3920.720000000001,41.30366943084087,2025-06
T00138,2024-11-20,Worcester,K0021,Toestelle,Mikrogolf,3044.48,2023.56,1,0.0785913990274013,0.0735869660521134,-0.4123517295081363,3044.48,8.021413803188812,False,False,False,False,False,True,False,False,False,2024,11,4,2,33.53347698129073,1020.9200000000001,November,False,Lente,Laag,Goed,50.45167921880251,970.9200000000001,50.45167921880251,2024-11
T00139,2024-07-20,Paarl,K0187,Meubels,Bank,10211.74,6587.43,1,0.4199658971293575,0.3767366508046581,-0.4123517295081363,10211.74,9.231391239504118,False,False,False,False,False,False,False,False,False,2024,7,3,5,35.49160084373476,3624.3099999999995,July,True,Winter,Medium,Goed,55.01857325239129,3574.3099999999995,55.01857325239129,2024-07
T00140,2025-12-23,Paarl,K0032,Meubels,Bed,9359.2,6857.46,1,0.3793596662110092,0.3946730752369337,-0.4123517295081363,9359.2,9.144221936764724,True,False,False,False,False,False,False,False,False,2025,12,4,1,26.730276091973675,2501.7400000000007,December,False,Somer,Medium,Gemiddeld,36.48202103986025,2451.7400000000007,36.48202103986025,2025-12
T00141,2024-08-18,Stellenbosch,K0029,Toestelle,Droër,6554.69,4275.38,1,0.2457816749462975,0.2231614550536571,-0.4123517295081363,6554.69,8.788088653815917,False,True,False,False,False,False,False,False,False,2024,8,3,6,34.77372690394206,2279.3099999999995,August,True,Winter,Medium,Goed,53.312454097647446,2229.3099999999995,53.312454097647446,2024-08
T00143,2024-11-25,Paarl,K0062,Toestelle,Yskas,4949.71,3235.87,1,0.1693369468404833,0.1541132287025302,-0.4123517295081363,4949.71,8.507286279620448,False,False,False,False,False,False,False,False,True,2024,11,4,0,34.62505884183114,1713.8400000000001,November,False,Lente,Laag,Goed,52.96380880566897,1663.8400000000001,52.96380880566897,2024-11
T00144,2025-08-31,Stellenbosch,K0018,Meubels,Lessenaar,4686.45,3326.08,3,0.1567979500173848,0.1601053216108573,3.146503737778303,14059.35,9.551114058369189,False,False,False,False,True,False,False,False,False,2025,8,3,6,29.02772887793532,1360.37,August,True,Winter,Medium,Gemiddeld,40.90009861458533,1310.37,40.90009861458533,2025-08
T00146,2025-08-01,Paarl,K0018,Toestelle,Yskas,8770.53,5981.93,1,0.351321486237396,0.3365170270823203,-0.4123517295081363,8770.53,9.07926652853098,False,False,False,False,False,False,False,False,True,2025,8,3,4,31.795113864270462,2788.6000000000004,August,False,Winter,Medium,Goed,46.61706171753933,2738.6000000000004,46.61706171753933,2025-08
T00147,2025-06-19,Stellenbosch,K0086,Meubels,Lessenaar,5004.99,3485.57,1,0.171969917076679,0.1706992568502887,-0.4123517295081363,5004.99,8.518390474386848,False,False,False,False,True,False,False,False,False,2025,6,2,3,30.35810261359163,1519.4199999999996,June,False,Winter,Medium,Goed,43.5917224442487,1469.4199999999996,43.5917224442487,2025-06
T00148,2024-11-14,Stellenbosch,K0165,Toestelle,Droër,7538.91,5116.08,1,0.2926597857615752,0.2790039615166949,-0.4123517295081363,7538.91,8.92796552459124,False,True,False,False,False,False,False,False,False,2024,11,4,3,32.1376697692372,2422.83,November,False,Lente,Medium,Goed,47.35715626026176,2372.83,47.35715626026176,2024-11
T00149,2024-12-27,Worcester,K0035,Toestelle,Mikrogolf,2262.53,1510.18,1,0.0413473491686234,0.0394863047365498,-0.4123517295081363,2262.53,7.724680820598653,False,False,False,False,False,True,False,False,False,2024,12,4,4,33.25259775560988,752.3500000000001,December,False,Somer,Laag,Goed,49.818564674409686,702.3500000000001,49.818564674409686,2024-12
T00150,2024-09-03,Worcester,K0012,Toestelle,Yskas,7693.34,4994.47,1,0.3000152415064324,0.2709261606234274,-0.4123517295081363,7693.34,8.948240272614017,False,False,False,False,False,False,False,False,True,2024,9,3,1,35.08060218318702,2698.87,September,False,Lente,Medium,Goed,54.03716510460569,2648.87,54.03716510460569,2024-09
T00151,2025-01-21,Stellenbosch,K0140,Toestelle,Stoof,6230.41,4081.78,1,0.2303363133653722,0.2103018032738972,-0.4123517295081363,6230.41,8.737357910411593,False,False,False,False,False,False,True,False,False,2025,1,1,1,34.4861734620996,2148.6299999999997,January,False,Somer,Medium,Goed,52.63953471279685,2098.6299999999997,52.63953471279685,2025-01
T00152,2025-10-28,Paarl,K0200,Meubels,Bank,14294.65,9989.35,1,0.6144337065914752,0.6027051765412319,-0.4123517295081363,14294.65,9.567710574166874,False,False,False,False,False,False,False,False,False,2025,10,4,1,30.11826102772715,4305.299999999999,October,False,Lente,Medium,Goed,43.09890032885021,4255.299999999999,43.09890032885021,2025-10
T00154,2025-09-21,Paarl,K0048,Toestelle,Mikrogolf,3016.23,2155.2,1,0.0772458597876667,0.0823309978717807,-0.4123517295081363,3016.23,8.012094470923548,False,False,False,False,False,True,False,False,False,2025,9,3,6,28.54656309366329,861.0300000000002,September,True,Lente,Laag,Gemiddeld,39.951280623608035,811.0300000000002,39.951280623608035,2025-09
T00155,2025-11-21,Worcester,K0133,Toestelle,Stoof,10780.44,7887.47,2,0.4470529118421742,0.4630902752868844,1.3670760041350831,21560.88,9.978682219737134,False,False,False,False,False,False,True,False,False,2025,11,4,4,26.835361079881714,2892.9700000000003,November,False,Lente,Hoog,Gemiddeld,36.67804758686879,2842.9700000000003,36.67804758686879,2025-11
T00156,2025-03-31,Stellenbosch,K0047,Toestelle,Yskas,7584.66,5282.48,1,0.2948388448843312,0.2900568853604555,-0.4123517295081363,7584.66,8.934014901840259,False,False,False,False,False,False,False,False,True,2025,3,1,0,30.35310745636588,2302.1800000000003,March,False,Herfs,Medium,Goed,43.581423876664,2252.1800000000003,43.581423876664,2025-03
T00157,2025-04-27,Paarl,K0076,Meubels,Eetstel,16331.46,11203.92,1,0.7114463713307264,0.6833815570275074,-0.4123517295081363,16331.46,9.70090981760736,False,False,True,False,False,False,False,False,False,2025,4,2,6,31.396703050431498,5127.539999999999,April,True,Herfs,Hoog,Goed,45.76558918664181,5077.539999999999,45.76558918664181,2025-04
T00158,2025-05-10,Paarl,K0090,Toestelle,Wasmajien,8161.95,5753.98,1,0.3223349987854425,0.3213757170451495,-0.4123517295081363,8161.95,9.007360902233527,False,False,False,False,False,False,False,True,False,2025,5,2,5,29.50238607195585,2407.9700000000003,May,True,Herfs,Medium,Gemiddeld,41.84877250181614,2357.9700000000003,41.84877250181614,2025-05
T00159,2025-10-01,Stellenbosch,K0071,Toestelle,Droër,2610.48,1883.21,3,0.0579201059284697,0.0642643827499993,3.146503737778303,7831.44,8.966029362407603,False,True,False,False,False,False,False,False,False,2025,10,4,2,27.859627348227146,727.27,October,False,Lente,Medium,Gemiddeld,38.618635202659284,677.27,38.618635202659284,2025-10
T00160,2024-08-28,Stellenbosch,K0192,Toestelle,Stoof,6656.1,4369.96,1,0.2506118035941377,0.2294438200605253,-0.4123517295081363,6656.1,8.803439233269462,False,False,False,False,False,False,True,False,False,2024,8,3,2,34.34653926473461,2286.1400000000003,August,False,Winter,Medium,Goed,52.31489533084972,2236.1400000000003,52.31489533084972,2024-08
T00161,2024-12-11,Stellenbosch,K0113,Meubels,Lessenaar,6132.41,4072.17,1,0.2256686020204522,0.2096634703523916,-0.4123517295081363,6132.41,8.721506154850843,False,False,False,False,True,False,False,False,False,2024,12,4,2,33.595927212955424,2060.24,December,False,Somer,Medium,Goed,50.59317268188705,2010.2399999999998,50.59317268188705,2024-12
T00162,2024-08-05,Stellenbosch,K0094,Meubels,Bank,8424.65,5662.01,1,0.3348473229722842,0.3152667182115519,-0.4123517295081363,8424.65,9.039035903579864,False,False,False,False,False,False,False,False,False,2024,8,3,0,32.79234152160623,2762.6399999999994,August,False,Winter,Medium,Goed,48.79256659737442,2712.6399999999994,48.79256659737442,2024-08
T00163,2025-07-06,Paarl,K0116,Meubels,Lessenaar,5941.27,4138.34,1,0.216564659709554,0.214058734599637,-0.4123517295081363,5941.27,8.689846494236267,False,False,False,False,True,False,False,False,False,2025,7,3,6,30.34586881256028,1802.9300000000003,July,True,Winter,Medium,Goed,43.566502510668535,1752.9300000000003,43.566502510668535,2025-07
T00164,2025-07-15,Paarl,K0136,Toestelle,Yskas,6128.28,4181.98,1,0.2254718913280591,0.2169574701557771,-0.4123517295081363,6128.28,8.7208325668932,False,False,False,False,False,False,False,False,True,2025,7,3,1,31.759319091164244,1946.3000000000002,July,False,Winter,Medium,Goed,46.54015562006514,1896.3000000000002,46.54015562006514,2025-07
T00165,2025-07-11,Paarl,K0030,Toestelle,Stoof,6733.28,4806.51,1,0.2542878644268003,0.2584411391951027,-0.4123517295081363,6733.28,8.814966178898175,False,False,False,False,False,False,True,False,False,2025,7,3,4,28.615622698001562,1926.7699999999995,July,False,Winter,Medium,Gemiddeld,40.08667411489832,1876.7699999999995,40.08667411489832,2025-07
T00166,2024-07-27,Worcester,K0144,Meubels,Kas,6693.16,4312.42,1,0.2523769605578391,0.2256217933900327,-0.4123517295081363,6693.16,8.808990783487417,False,False,False,True,False,False,False,False,False,2024,7,3,5,35.56974583007129,2380.74,July,True,Winter,Medium,Goed,55.20658933962832,2330.74,55.20658933962832,2024-07
T00168,2025-04-19,Worcester,K0019,Toestelle,Wasmajien,6422.03,4379.7,1,0.239463117935919,0.2300907880787839,-0.4123517295081363,6422.03,8.767645247961504,False,False,False,False,False,False,False,True,False,2025,4,2,5,31.801938016483884,2042.33,April,True,Herfs,Medium,Goed,46.63173276708451,1992.33,46.63173276708451,2025-04
T00169,2025-10-06,Stellenbosch,K0082,Toestelle,Yskas,12172.03,8642.18,1,0.513333936642963,0.5132209973669597,-0.4123517295081363,12172.03,9.406978127877109,False,False,False,False,False,False,False,False,True,2025,10,4,0,28.999682057964037,3529.8500000000004,October,False,Lente,Medium,Gemiddeld,40.84443971312794,3479.8500000000004,40.84443971312794,2025-10
T00170,2025-06-21,Worcester,K0077,Meubels,Lessenaar,3262.18,2254.02,1,0.088960386372188,0.0888949998804371,-0.4123517295081363,3262.18,8.090457459031391,False,False,False,False,True,False,False,False,False,2025,6,2,5,30.904487183417224,1008.1599999999999,June,True,Winter,Laag,Goed,44.727198516428416,958.1599999999999,44.727198516428416,2025-06
T00171,2024-12-09,Worcester,K0032,Meubels,Bed,7696.43,5010.35,1,0.3001624173029202,0.2719809709037094,-0.4123517295081363,7696.43,8.948641785895664,True,False,False,False,False,False,False,False,False,2024,12,4,0,34.900336909450225,2686.08,December,False,Somer,Medium,Goed,53.61062600417136,2636.08,53.61062600417136,2024-12
T00172,2025-01-22,Stellenbosch,K0142,Meubels,Kas,6882.48,4522.61,1,0.261394216800903,0.2395834163631097,-0.4123517295081363,6882.48,8.83687961700012,False,False,False,True,False,False,False,False,False,2025,1,1,2,34.28807639106834,2359.87,January,False,Somer,Medium,Goed,52.17938314380414,2309.87,52.17938314380414,2025-01
T00174,2025-05-13,Paarl,K0105,Toestelle,Droër,5752.76,4004.67,1,0.2075859835296471,0.2051798624229815,-0.4123517295081363,5752.76,8.657608833126899,False,True,False,False,False,False,False,False,False,2025,5,2,1,30.386979467247027,1748.0900000000001,May,False,Herfs,Medium,Goed,43.651287122284735,1698.0900000000001,43.651287122284735,2025-05
T00175,2024-09-14,Stellenbosch,K0175,Toestelle,Yskas,7821.27,5264.12,1,0.3061085099998571,0.2888373440036559,-0.4123517295081363,7821.27,8.964730072745807,False,False,False,False,False,False,False,False,True,2024,9,3,5,32.69481810498807,2557.1500000000005,September,True,Lente,Medium,Goed,48.57697012986028,2507.1500000000005,48.57697012986028,2024-09
T00176,2025-12-12,Paarl,K0047,Meubels,Lessenaar,5349.6,3788.81,1,0.1883835906131372,0.190841616383834,-0.4123517295081363,5349.6,8.584963983134474,False,False,False,False,True,False,False,False,False,2025,12,4,4,29.17582622999851,1560.7900000000004,December,False,Somer,Medium,Gemiddeld,41.19472868789938,1510.7900000000004,41.19472868789938,2025-12
T00177,2024-11-10,Paarl,K0078,Meubels,Eetstel,17698.8,11613.12,1,0.7765723757221854,0.710562184652909,-0.4123517295081363,17698.8,9.781308619063052,False,False,True,False,False,False,False,False,False,2024,11,4,6,34.38470404773204,6085.6799999999985,November,True,Lente,Hoog,Goed,52.403488468215244,6035.6799999999985,52.403488468215244,2024-11
T00178,2024-12-16,Stellenbosch,K0133,Toestelle,Wasmajien,7460.95,4904.12,1,0.2889465737569837,0.2649247683801355,-0.4123517295081363,7460.95,8.917572053142198,False,False,False,False,False,False,False,True,False,2024,12,4,0,34.269496511838305,2556.83,December,False,Somer,Medium,Goed,52.136366973075695,2506.83,52.136366973075695,2024-12
T00179,2025-04-17,Stellenbosch,K0142,Toestelle,Wasmajien,5756.51,3885.5,1,0.2077645949331517,0.1972641356533845,-0.4123517295081363,5756.51,8.65826036855829,False,False,False,False,False,False,False,True,False,2025,4,2,3,32.502505858584456,1871.0100000000002,April,False,Herfs,Medium,Goed,48.15364817912753,1821.0100000000002,48.15364817912753,2025-04
T00180,2025-04-08,Stellenbosch,K0129,Toestelle,Droër,5827.78,3920.5,1,0.211159164193891,0.1995889693945601,-0.4123517295081363,5827.78,8.670562995010421,False,True,False,False,False,False,False,False,False,2025,4,2,1,32.72738504198854,1907.2799999999997,April,False,Herfs,Medium,Goed,48.64889682438464,1857.2799999999997,48.64889682438464,2025-04
T00181,2024-12-20,Worcester,K0185,Meubels,Bank,11947.75,8059.52,1,0.5026515458221602,0.474518493720292,-0.4123517295081363,11947.75,9.388381949377973,False,False,False,False,False,False,False,False,False,2024,12,4,4,32.54361699901655,3888.2299999999996,December,False,Somer,Medium,Goed,48.24394008576192,3838.2299999999996,48.24394008576192,2024-12
T00182,2025-06-11,Worcester,K0165,Meubels,Eetstel,15351.98,10465.77,1,0.6647940253294785,0.6343508134261141,-0.4123517295081363,15351.98,9.639064870981048,False,False,True,False,False,False,False,False,False,2025,6,2,2,31.827881484994116,4886.209999999999,June,False,Winter,Hoog,Goed,46.68753469644373,4836.209999999999,46.68753469644373,2025-06
T00183,2025-03-29,Worcester,K0164,Meubels,Lessenaar,5047.1,3365.28,1,0.1739756040637666,0.162709135400974,-0.4123517295081363,5047.1,8.52676721385051,False,False,False,False,True,False,False,False,False,2025,3,1,5,33.32250203086921,1681.8200000000002,March,True,Herfs,Medium,Goed,49.97563352826511,1631.8200000000002,49.97563352826511,2025-03
T00184,2024-08-01,Paarl,K0176,Toestelle,Stoof,8136.05,5343.18,1,0.3211013893585707,0.2940888113058657,-0.4123517295081363,8136.05,9.004182985448578,False,False,False,False,False,False,True,False,False,2024,8,3,3,34.3270997597114,2792.87,August,False,Winter,Medium,Goed,52.26980936446086,2742.87,52.26980936446086,2024-08
T00185,2025-08-20,Paarl,K0041,Toestelle,Yskas,10650.83,7630.58,1,0.4408796254399794,0.4460266598648673,-0.4123517295081363,10650.83,9.273486987362231,False,False,False,False,False,False,False,False,True,2025,8,3,2,28.35694495170799,3020.25,August,False,Winter,Medium,Gemiddeld,39.58087065465535,2970.25,39.58087065465535,2025-08
T00186,2025-09-24,Paarl,K0156,Toestelle,Mikrogolf,2906.75,2000.84,1,0.0720313593994846,0.0720778168349846,-0.4123517295081363,2906.75,7.9751348652191485,False,False,False,False,False,True,False,False,False,2025,9,3,2,31.165734927324333,905.9100000000001,September,False,Lente,Laag,Goed,45.27648387677176,855.9100000000001,45.27648387677176,2025-09
T00187,2024-11-25,Paarl,K0034,Toestelle,Stoof,10849.86,7299.28,3,0.4503593661438513,0.424020447909111,3.146503737778303,32549.58,10.390550466218365,False,False,False,False,False,False,True,False,False,2024,11,4,0,32.72466188503815,3550.580000000001,November,False,Lente,Hoog,Goed,48.642879845683424,3500.580000000001,48.642879845683424,2024-11
T00188,2025-07-15,Worcester,K0032,Meubels,Bed,8042.01,5475.37,1,0.3166222916557515,0.3028693762271801,-0.4123517295081363,8042.01,8.992558670220467,True,False,False,False,False,False,False,False,False,2025,7,3,1,31.91540423351874,2566.6400000000003,July,False,Winter,Medium,Goed,46.87610152373265,2516.6400000000003,46.87610152373265,2025-07
T00189,2025-03-31,Paarl,K0075,Meubels,Bank,12810.42,8494.42,1,0.543740265678509,0.5034062135499281,-0.4123517295081363,12810.42,9.458092239645008,False,False,False,False,False,False,False,False,False,2025,3,1,0,33.69132315724231,4316.0,March,False,Herfs,Medium,Goed,50.80982574442987,4266.0,50.80982574442987,2025-03
T00190,2025-07-29,Worcester,K0041,Toestelle,Wasmajien,6804.79,4720.68,3,0.2576938648173639,0.2527399826235283,3.146503737778303,20414.37,9.924043327517923,False,False,False,False,False,False,False,True,False,2025,7,3,1,30.62710237935336,2084.1099999999997,July,False,Winter,Hoog,Goed,44.148512502436084,2034.1099999999997,44.148512502436084,2025-07
T00191,2025-06-01,Worcester,K0128,Toestelle,Wasmajien,5772.67,4046.93,1,0.2085342910079875,0.2079869331058981,-0.4123517295081363,5772.67,8.661063205835877,False,False,False,False,False,False,False,True,False,2025,6,2,6,29.895005257532482,1725.7400000000002,June,True,Winter,Medium,Gemiddeld,42.64318878755007,1675.7400000000002,42.64318878755007,2025-06
T00193,2025-08-07,Worcester,K0091,Toestelle,Wasmajien,8737.17,6018.97,1,0.3497325591918191,0.3389773654186959,-0.4123517295081363,8737.17,9.075456064575048,False,False,False,False,False,False,False,True,False,2025,8,3,3,31.110760120267773,2718.2,August,False,Winter,Medium,Goed,45.160550725456346,2668.2,45.160550725456346,2025-08
T00194,2024-08-19,Stellenbosch,K0168,Toestelle,Mikrogolf,2895.83,1860.0,1,0.0715112429924792,0.062722685860494,-0.4123517295081363,2895.83,7.971372314652984,False,False,False,False,False,True,False,False,False,2024,8,3,0,35.76971023851538,1035.83,August,False,Winter,Laag,Goed,55.68978494623656,985.8299999999999,55.68978494623656,2024-08
T00195,2025-10-25,Paarl,K0068,Meubels,Eetstel,14963.26,10863.79,1,0.6462794053907304,0.660788822730763,-0.4123517295081363,14963.26,9.613419970350506,False,False,True,False,False,False,False,False,False,2025,10,4,5,27.396904150566115,4099.469999999999,October,True,Lente,Medium,Gemiddeld,37.7351734523587,4049.4699999999993,37.7351734523587,2025-10
T00196,2025-07-10,Paarl,K0146,Toestelle,Yskas,7205.49,5005.55,1,0.2767790886531747,0.2716621365620624,-0.4123517295081363,7205.49,8.882737287886032,False,False,False,False,False,False,False,False,True,2025,7,3,3,30.53144199769897,2199.9399999999996,July,False,Winter,Medium,Goed,43.95001548281407,2149.9399999999996,43.95001548281407,2025-07
T00197,2025-01-16,Paarl,K0116,Toestelle,Yskas,10950.24,7438.46,1,0.4551404361928622,0.4332653153404486,-0.4123517295081363,10950.24,9.301207970842388,False,False,False,False,False,False,False,False,True,2025,1,1,3,32.070347316588496,3511.7799999999997,January,False,Somer,Medium,Goed,47.21111627944494,3461.7799999999997,47.21111627944494,2025-01
T00198,2025-04-13,Worcester,K0101,Meubels,Bank,11632.36,8146.34,3,0.4876296123418099,0.4802854098748309,3.146503737778303,34897.08,10.460187092350528,False,False,False,False,False,False,False,False,False,2025,4,2,6,29.968295341615974,3486.0200000000004,April,True,Herfs,Hoog,Gemiddeld,42.79246876511416,3436.0200000000004,42.79246876511416,2025-04
T00199,2025-07-18,Paarl,K0131,Toestelle,Wasmajien,7619.4,5272.15,1,0.2964935009263978,0.2893707272877027,-0.4123517295081363,7619.4,8.93858414074128,False,False,False,False,False,False,False,True,False,2025,7,3,4,30.80623146179489,2347.25,July,False,Winter,Medium,Goed,44.52168470168717,2297.25,44.52168470168717,2025-07
T00200,2025-08-16,Worcester,K0183,Meubels,Eetstel,13308.83,9535.92,1,0.5674793882440355,0.5725866233051962,-0.4123517295081363,13308.83,9.496258138955977,False,False,True,False,False,False,False,False,False,2025,8,3,5,28.34892323367268,3772.91,August,True,Winter,Medium,Gemiddeld,39.56524383593822,3722.91,39.56524383593822,2025-08
T00201,2025-06-07,Paarl,K0132,Toestelle,Wasmajien,7367.45,5229.91,1,0.2844931960962691,0.2865649850812097,-0.4123517295081363,7367.45,8.904962650988713,False,False,False,False,False,False,False,True,False,2025,6,2,5,29.013294966372356,2137.54,June,True,Winter,Medium,Gemiddeld,40.871449030671656,2087.54,40.871449030671656,2025-06
T00202,2024-11-21,Paarl,K0158,Toestelle,Wasmajien,6239.59,4072.46,1,0.2307735540811515,0.2096827332605328,-0.4123517295081363,6239.59,8.738830008175833,False,False,False,False,False,False,False,True,False,2024,11,4,3,34.73192950177816,2167.13,November,False,Lente,Medium,Goed,53.214273436694285,2117.13,53.214273436694285,2024-11
T00203,2025-05-03,Worcester,K0137,Toestelle,Droër,5934.75,4186.94,1,0.2162541140159941,0.2172869323088122,-0.4123517295081363,5934.75,8.688748668057352,False,True,False,False,False,False,False,False,False,2025,5,2,5,29.45044020388391,1747.8100000000004,May,True,Herfs,Medium,Gemiddeld,41.7443287938208,1697.8100000000004,41.7443287938208,2025-05
T00204,2025-11-14,Worcester,K0095,Toestelle,Mikrogolf,2616.02,1812.27,1,0.0581839745085805,0.0595522768757422,-0.4123517295081363,2616.02,7.869791544839499,False,False,False,False,False,True,False,False,False,2025,11,4,4,30.7241534850651,803.75,November,False,Lente,Laag,Goed,44.35045550607801,753.75,44.35045550607801,2025-11
T00205,2025-06-05,Worcester,K0186,Meubels,Kas,3827.87,2603.97,1,0.115904035665125,0.1121400161011342,-0.4123517295081363,3827.87,8.250324999477584,False,False,False,True,False,False,False,False,False,2025,6,2,3,31.973395125748787,1223.9,June,False,Winter,Laag,Goed,47.001309538896386,1173.9,47.001309538896386,2025-06
T00206,2024-07-28,Worcester,K0199,Toestelle,Stoof,5966.57,3771.53,3,0.217769691311865,0.189693812753905,3.146503737778303,17899.71,9.792595655846688,False,False,False,False,False,False,True,False,False,2024,7,3,6,36.78897591078291,2195.0399999999995,July,True,Winter,Hoog,Goed,58.20025294774268,2145.0399999999995,58.20025294774268,2024-07
T00207,2025-02-19,Worcester,K0135,Meubels,Lessenaar,3781.56,2519.03,1,0.1136983039061123,0.1064979767304069,-0.4123517295081363,3781.56,8.238156308061487,False,False,False,False,True,False,False,False,False,2025,2,1,2,33.38648600048656,1262.5299999999997,February,False,Somer,Laag,Goed,50.11968892788096,1212.5299999999997,50.11968892788096,2025-02
T00208,2025-07-25,Stellenbosch,K0180,Meubels,Eetstel,14359.66,9970.35,1,0.6175301138826309,0.6014431239388794,-0.4123517295081363,14359.66,9.572247802548826,False,False,True,False,False,False,False,False,False,2025,7,3,4,30.56694935673964,4389.3099999999995,July,False,Winter,Medium,Goed,44.02363006313719,4339.3099999999995,44.02363006313719,2025-07
T00209,2024-10-21,Stellenbosch,K0039,Meubels,Kas,7286.49,4934.55,1,0.280637094968874,0.2669460452585348,-0.4123517295081363,7286.49,8.893914458445114,False,False,False,True,False,False,False,False,False,2024,10,4,0,32.27809274424311,2351.9399999999996,October,False,Lente,Medium,Goed,47.66270480590934,2301.9399999999996,47.66270480590934,2024-10
T00210,2025-08-27,Worcester,K0157,Meubels,Kas,5760.09,4036.96,1,0.2079351092863641,0.207324687608769,-0.4123517295081363,5760.09,8.658881971898154,False,False,False,True,False,False,False,False,False,2025,8,3,2,29.9149839672644,1723.13,August,False,Winter,Medium,Gemiddeld,42.68385121477547,1673.13,42.68385121477547,2025-08
T00211,2025-10-26,Worcester,K0144,Meubels,Bank,11953.72,8679.37,1,0.5029358951765395,0.5156912992765117,-0.4123517295081363,11953.72,9.388881458455453,False,False,False,False,False,False,False,False,False,2025,10,4,6,27.391891394478023,3274.3499999999985,October,True,Lente,Medium,Gemiddeld,37.725664420343854,3224.3499999999985,37.725664420343854,2025-10
T00212,2025-05-29,Worcester,K0045,Toestelle,Droër,6153.61,4332.98,1,0.2266783518215981,0.2269874671534204,-0.4123517295081363,6153.61,8.724956673491612,False,True,False,False,False,False,False,False,False,2025,5,2,3,29.58637287705916,1820.63,May,False,Herfs,Medium,Gemiddeld,42.017964541724176,1770.63,42.017964541724176,2025-05
T00213,2025-10-14,Worcester,K0198,Toestelle,Droër,6887.26,4810.69,1,0.2616218868032369,0.2587187907676201,-0.4123517295081363,6887.26,8.837573792201214,False,True,False,False,False,False,False,False,False,2025,10,4,1,30.150887290446427,2076.5700000000006,October,False,Lente,Medium,Goed,43.16574129698652,2026.5700000000006,43.16574129698652,2025-10
T00214,2025-03-28,Worcester,K0072,Toestelle,Wasmajien,5759.15,3903.42,3,0.2078903373612189,0.1984544505288664,3.146503737778303,17277.449999999997,9.75721533926077,False,False,False,False,False,False,False,True,False,2025,3,1,4,32.222289747619,1855.7299999999996,March,False,Herfs,Hoog,Goed,47.54113059829584,1805.7299999999996,47.54113059829584,2025-03
T00215,2025-05-02,Stellenbosch,K0177,Toestelle,Stoof,8304.23,5791.87,1,0.3291117535829447,0.3238925156295251,-0.4123517295081363,8304.23,9.024640715824065,False,False,False,False,False,False,True,False,False,2025,5,2,4,30.253978996246488,2512.3599999999997,May,False,Herfs,Medium,Goed,43.37735480941388,2462.3599999999997,43.37735480941388,2025-05
T00216,2025-11-13,Paarl,K0185,Toestelle,Stoof,9223.08,6432.9,1,0.3728763104123304,0.366472177718262,-0.4123517295081363,9223.08,9.12957273493817,False,False,False,False,False,False,True,False,False,2025,11,4,3,30.252150040984144,2790.1800000000003,November,False,Lente,Medium,Goed,43.37359511262417,2740.1800000000003,43.37359511262417,2025-11
T00217,2025-04-07,Paarl,K0098,Meubels,Lessenaar,4724.09,3316.54,1,0.1585907322114949,0.159471638356834,-0.4123517295081363,4724.09,8.460641887365487,False,False,False,False,True,False,False,False,False,2025,4,2,0,29.79515631581956,1407.5500000000002,April,False,Herfs,Laag,Gemiddeld,42.44031430346084,1357.5500000000002,42.44031430346084,2025-04
T00218,2025-08-09,Paarl,K0183,Meubels,Bed,8025.18,5604.8,1,0.3158206836768229,0.3114666114020474,-0.4123517295081363,8025.18,8.990463977687265,True,False,False,False,False,False,False,False,False,2025,8,3,5,30.159821960379706,2420.38,August,True,Winter,Medium,Goed,43.1840565229803,2370.38,43.1840565229803,2025-08
T00219,2024-09-19,Paarl,K0055,Toestelle,Stoof,8544.12,5575.91,1,0.3405376441394027,0.3095476272082599,-0.4123517295081363,8544.12,9.05311563875126,False,False,False,False,False,False,True,False,False,2024,9,3,3,34.739797662017864,2968.210000000001,September,False,Lente,Medium,Goed,53.232745865697275,2918.210000000001,53.232745865697275,2024-09
T00220,2025-01-23,Worcester,K0036,Toestelle,Droër,7097.6,4723.48,1,0.2716403195000786,0.2529259693228224,-0.4123517295081363,7097.6,8.867652860487672,False,True,False,False,False,False,False,False,False,2025,1,1,3,33.44961677186656,2374.120000000001,January,False,Somer,Medium,Goed,50.26209489613592,2324.120000000001,50.26209489613592,2025-01
T00221,2024-10-20,Worcester,K0136,Meubels,Bank,17382.96,11443.1,1,0.7615290088734145,0.6992688065764897,-0.4123517295081363,17382.96,9.763303220967211,False,False,False,False,False,False,False,False,False,2024,10,4,6,34.170590049105556,5939.859999999999,October,True,Lente,Hoog,Goed,51.907787225489585,5889.859999999999,51.907787225489585,2024-10
T00222,2025-02-17,Worcester,K0085,Meubels,Eetstel,12697.96,8395.58,1,0.5383838287616752,0.4968408830648482,-0.4123517295081363,12697.96,9.449275379329752,False,False,True,False,False,False,False,False,False,2025,2,1,0,33.88245040935709,4302.379999999999,February,False,Somer,Medium,Goed,51.24577456232922,4252.379999999999,51.24577456232922,2025-02
T00223,2025-10-27,Stellenbosch,K0041,Meubels,Eetstel,21569.41,15470.4,3,0.9609283982605632,0.9667774616003888,3.146503737778303,64708.23,11.07765912873774,False,False,True,False,False,False,False,False,False,2025,10,4,0,28.27620226978856,6099.01,October,False,Lente,Hoog,Gemiddeld,39.42373823559831,6049.01,39.42373823559831,2025-10
T00224,2025-08-21,Worcester,K0194,Toestelle,Mikrogolf,2095.85,1494.41,1,0.0334084295056512,0.0384388010765972,-0.4123517295081363,2095.85,7.648191497585247,False,False,False,False,False,True,False,False,False,2025,8,3,3,28.69671016532671,601.4399999999998,August,False,Winter,Laag,Gemiddeld,40.245983364672334,551.4399999999998,40.245983364672334,2025-08
T00225,2025-04-21,Paarl,K0023,Toestelle,Yskas,4752.21,3239.36,2,0.1599300795892414,0.154345047838436,1.3670760041350831,9504.42,9.15961744121616,False,False,False,False,False,False,False,False,True,2025,4,2,0,31.834662188750073,1512.85,April,False,Herfs,Medium,Goed,46.70212634594487,1462.85,46.70212634594487,2025-04
T00226,2025-02-23,Worcester,K0046,Meubels,Bank,10685.61,7417.02,1,0.4425361866703501,0.4318411886144256,-0.4123517295081363,10685.61,9.27674683492367,False,False,False,False,False,False,False,False,False,2025,2,1,6,30.58870761706632,3268.59,February,True,Somer,Medium,Goed,44.06877694815438,3218.59,44.06877694815438,2025-02
T00227,2024-08-07,Paarl,K0075,Toestelle,Wasmajien,7512.63,4969.67,2,0.291408077045815,0.2692788498582515,1.3670760041350831,15025.26,9.61755461612028,False,False,False,False,False,False,False,True,False,2024,8,3,2,33.84913139606237,2542.96,August,False,Winter,Hoog,Goed,51.16959476182523,2492.96,51.16959476182523,2024-08
T00228,2024-08-08,Stellenbosch,K0086,Toestelle,Droër,8751.41,5612.6,1,0.3504108062280606,0.3119847172072237,-0.4123517295081363,8751.41,9.077084369999604,False,True,False,False,False,False,False,False,False,2024,8,3,3,35.86633468206837,3138.8099999999995,August,False,Winter,Medium,Goed,55.92434878665857,3088.8099999999995,55.92434878665857,2024-08
T00229,2025-04-18,Paarl,K0120,Toestelle,Wasmajien,5652.38,3778.97,2,0.2028049134806361,0.1901880059834577,1.3670760041350831,11304.76,9.3330676093432,False,False,False,False,False,False,False,True,False,2025,4,2,4,33.1437376821799,1873.4100000000003,April,False,Herfs,Medium,Goed,49.574619539186614,1823.4100000000003,49.574619539186614,2025-04
T00230,2025-04-06,Stellenbosch,K0118,Meubels,Bed,8983.84,6038.02,1,0.3614813791658133,0.3402427392121072,-0.4123517295081363,8983.84,9.103293991602232,True,False,False,False,False,False,False,False,False,2025,4,2,6,32.790209977025405,2945.8199999999997,April,True,Herfs,Medium,Goed,48.78784767191893,2895.8199999999997,48.78784767191893,2025-04
T00231,2025-03-21,Worcester,K0076,Meubels,Eetstel,11039.3,7327.91,1,0.4593823379518272,0.4259221619093926,-0.4123517295081363,11039.3,9.309307493374924,False,False,True,False,False,False,False,False,False,2025,3,1,4,33.619794733361715,3711.3899999999994,March,False,Herfs,Medium,Goed,50.647319631381926,3661.3899999999994,50.647319631381926,2025-03
T00232,2025-01-14,Stellenbosch,K0023,Toestelle,Mikrogolf,3415.73,2249.91,1,0.0962739279743561,0.0886219979754019,-0.4123517295081363,3415.73,8.13643923231201,False,False,False,False,False,True,False,False,False,2025,1,1,1,34.130917841866896,1165.8200000000002,January,False,Somer,Laag,Goed,51.81629487401719,1115.8200000000002,51.81629487401719,2025-01
T00233,2025-08-15,Worcester,K0123,Meubels,Bank,14948.6,10180.96,3,0.6455811538772964,0.6154326449168506,3.146503737778303,44845.8,10.71100751600057,False,False,False,False,False,False,False,False,False,2025,8,3,4,31.893555249321015,4767.640000000001,August,False,Winter,Hoog,Goed,46.828982728544275,4717.640000000001,46.828982728544275,2025-08
T00234,2025-05-28,Stellenbosch,K0115,Meubels,Bed,7061.65,4963.44,1,0.2699280315118145,0.2688650294523222,-0.4123517295081363,7061.65,8.862575614167206,True,False,False,False,False,False,False,False,False,2025,5,2,2,29.712744188681118,2098.21,May,False,Herfs,Medium,Gemiddeld,42.273302387054144,2048.21,42.273302387054144,2025-05
T00235,2025-03-31,Paarl,K0003,Toestelle,Droër,4444.24,2943.48,1,0.1452615585392921,0.1346915676287493,-0.4123517295081363,4444.24,8.399589139741266,False,True,False,False,False,False,False,False,False,2025,3,1,0,33.768653358054465,1500.7599999999998,March,False,Herfs,Laag,Goed,50.98590783698207,1450.7599999999998,50.98590783698207,2025-03
T00236,2025-03-25,Worcester,K0031,Toestelle,Wasmajien,9030.81,6027.4,1,0.3637185465318428,0.3395373182312133,-0.4123517295081363,9030.81,9.108508069292908,False,False,False,False,False,False,False,True,False,2025,3,1,1,33.25737115496838,3003.41,March,False,Herfs,Medium,Goed,49.82927962305472,2953.41,49.82927962305472,2025-03
T00237,2025-10-20,Paarl,K0181,Meubels,Kas,5828.19,4148.16,1,0.2111786923740075,0.2147110165235897,-0.4123517295081363,5828.19,8.6706333331568,False,False,False,True,False,False,False,False,False,2025,10,4,0,28.825930520453174,1680.0299999999997,October,False,Lente,Medium,Gemiddeld,40.50060749826429,1630.0299999999997,40.50060749826429,2025-10
T00238,2025-05-15,Worcester,K0057,Meubels,Bed,10475.63,7311.5,1,0.4325349006682448,0.424832147003887,-0.4123517295081363,10475.63,9.256902341276463,True,False,False,False,False,False,False,False,False,2025,5,2,3,30.204675041023783,3164.129999999999,May,False,Herfs,Medium,Goed,43.27607194146207,3114.129999999999,43.27607194146207,2025-05
T00239,2025-02-10,Stellenbosch,K0156,Toestelle,Wasmajien,7007.87,4670.48,1,0.2673665058370206,0.2494055068004707,-0.4123517295081363,7007.87,8.854931768746635,False,False,False,False,False,False,False,True,False,2025,2,1,0,33.35378652857431,2337.3900000000003,February,False,Somer,Medium,Goed,50.046033812370474,2287.3900000000003,50.046033812370474,2025-02
T00240,2025-07-18,Paarl,K0056,Toestelle,Droër,6556.38,4450.97,1,0.2458621691521436,0.2348248138140292,-0.4123517295081363,6556.38,8.788346411916706,False,True,False,False,False,False,False,False,False,2025,7,3,4,32.112385188167856,2105.41,July,False,Winter,Medium,Goed,47.30227343702608,2055.41,47.30227343702608,2025-07
T00241,2025-03-11,Worcester,K0181,Meubels,Lessenaar,4049.93,2766.47,1,0.1264806885350531,0.1229338870423066,-0.4123517295081363,4049.93,8.306701763369366,False,False,False,False,True,False,False,False,False,2025,3,1,1,31.69091811463408,1283.46,March,False,Herfs,Laag,Goed,46.393418327326884,1233.46,46.393418327326884,2025-03
T00242,2025-07-06,Stellenbosch,K0130,Meubels,Eetstel,16868.55,12001.98,1,0.7370278109862684,0.7363917517555815,-0.4123517295081363,16868.55,9.733265500613998,False,False,True,False,False,False,False,False,False,2025,7,3,6,28.849960429319648,4866.57,July,True,Winter,Hoog,Gemiddeld,40.54805957017092,4816.57,40.54805957017092,2025-07
T00243,2025-01-24,Worcester,K0134,Meubels,Bank,12300.74,8416.01,1,0.5194643563083167,0.498197921731483,-0.4123517295081363,12300.74,9.417495994770135,False,False,False,False,False,False,False,False,False,2025,1,1,4,31.58127072029813,3884.7299999999996,January,False,Somer,Medium,Goed,46.15880922194721,3834.7299999999996,46.15880922194721,2025-01
T00244,2025-09-26,Stellenbosch,K0131,Meubels,Lessenaar,5014.44,3497.95,1,0.1724200178135106,0.171521583756453,-0.4123517295081363,5014.44,8.52027643333702,False,False,False,False,True,False,False,False,False,2025,9,3,4,30.24245977616643,1516.4899999999998,September,False,Lente,Medium,Goed,43.353678583170144,1466.4899999999998,43.353678583170144,2025-09
T00245,2025-09-30,Stellenbosch,K0117,Toestelle,Wasmajien,4698.83,3382.7,1,0.157387605797488,0.1638662383658677,-0.4123517295081363,4698.83,8.455281616831225,False,False,False,False,False,False,False,True,False,2025,9,3,1,28.009738594501187,1316.13,September,False,Lente,Laag,Gemiddeld,38.90767729919887,1266.13,38.90767729919887,2025-09
T00246,2024-08-29,Worcester,K0102,Toestelle,Stoof,10799.82,6987.76,1,0.4479759755754859,0.4033280991362246,-0.4123517295081363,10799.82,9.287377336156007,False,False,False,False,False,False,True,False,False,2024,8,3,3,35.29744014252089,3812.0599999999995,August,False,Winter,Medium,Goed,54.55339049995992,3762.0599999999995,54.55339049995992,2024-08
T00248,2025-06-18,Worcester,K0018,Meubels,Lessenaar,4615.67,3132.61,3,0.1534267193133701,0.1472543049278504,3.146503737778303,13847.01,9.535896818981724,False,False,False,False,True,False,False,False,False,2025,6,2,2,32.13097990107612,1483.06,June,False,Winter,Medium,Goed,47.342631224442236,1433.06,47.342631224442236,2025-06
T00249,2025-10-27,Stellenbosch,K0035,Toestelle,Mikrogolf,3530.37,2447.49,1,0.1017341976537606,0.101746016563444,-0.4123517295081363,3530.37,8.169441176618252,False,False,False,False,False,True,False,False,False,2025,10,4,0,30.673272206595914,1082.88,October,False,Lente,Laag,Goed,44.244511724256284,1032.88,44.244511724256284,2025-10
T00250,2025-09-04,Paarl,K0097,Toestelle,Mikrogolf,3377.67,2392.42,2,0.0944611413030535,0.0980880567312572,1.3670760041350831,6755.34,8.818236602297869,False,False,False,False,False,True,False,False,False,2025,9,3,3,29.16951626417027,985.25,September,False,Lente,Medium,Gemiddeld,41.182150291336804,935.25,41.182150291336804,2025-09
T00251,2025-07-20,Stellenbosch,K0138,Meubels,Bed,9290.75,6396.71,1,0.3760994127257053,0.3640682996298864,-0.4123517295081363,9290.75,9.136882188663956,True,False,False,False,False,False,False,False,False,2025,7,3,6,31.14969189785539,2894.04,July,True,Winter,Medium,Goed,45.2426325407905,2844.04,45.2426325407905,2025-07
T00252,2025-08-07,Worcester,K0194,Meubels,Bank,15421.58,10980.73,1,0.6681090529785237,0.6685564243791364,-0.4123517295081363,15421.58,9.643587948296794,False,False,False,False,False,False,False,False,False,2025,8,3,3,28.796336043388553,4440.85,August,False,Winter,Hoog,Gemiddeld,40.44221103697114,4390.85,40.44221103697114,2025-08
T00253,2024-07-24,Paarl,K0098,Toestelle,Droër,7770.11,5084.06,1,0.3036717741589784,0.2768770707626252,-0.4123517295081363,7770.11,8.95816829030144,False,True,False,False,False,False,False,False,False,2024,7,3,2,34.56900867555285,2686.0499999999993,July,False,Winter,Medium,Goed,52.83277538030627,2636.0499999999993,52.83277538030627,2024-07
T00254,2025-02-21,Stellenbosch,K0049,Toestelle,Stoof,5334.27,3625.83,1,0.1876534271956104,0.1800158620084969,-0.4123517295081363,5334.27,8.582094771639882,False,False,False,False,False,False,True,False,False,2025,2,1,4,32.027625148333335,1708.4400000000005,February,False,Somer,Medium,Goed,47.11859077783571,1658.4400000000005,47.11859077783571,2025-02
T00255,2024-10-24,Stellenbosch,K0005,Toestelle,Droër,6176.71,4083.47,1,0.2277785980671864,0.2104140595316855,-0.4123517295081363,6176.71,8.728702931619248,False,True,False,False,False,False,False,False,False,2024,10,4,3,33.88923876950675,2093.2400000000002,October,False,Lente,Medium,Goed,51.26130472367865,2043.2400000000002,51.26130472367865,2024-10
T00256,2025-03-04,Stellenbosch,K0115,Meubels,Eetstel,17152.63,11488.23,1,0.7505584583216245,0.7022665136261826,-0.4123517295081363,17152.63,9.749965092004466,False,False,True,False,False,False,False,False,False,2025,3,1,1,33.02350718228051,5664.4000000000015,March,False,Herfs,Hoog,Goed,49.30611591167657,5614.4000000000015,49.30611591167657,2025-03
T00257,2024-08-19,Stellenbosch,K0139,Meubels,Kas,8442.92,5398.36,1,0.3357175177301587,0.297754077758382,-0.4123517295081363,8442.92,9.04120193474048,False,False,False,True,False,False,False,False,False,2024,8,3,0,36.060509870992504,3044.5600000000004,August,False,Winter,Medium,Goed,56.39786898243171,2994.5600000000004,56.39786898243171,2024-08
T00258,2025-02-08,Stellenbosch,K0060,Meubels,Lessenaar,3119.9,2056.77,3,0.0821836315746857,0.0757929011533832,3.146503737778303,9359.7,9.144275353000069,False,False,False,False,True,False,False,False,False,2025,2,1,5,34.07577165934806,1063.13,February,True,Somer,Medium,Goed,51.689299241042995,1013.1300000000001,51.689299241042995,2025-02
T00259,2025-05-23,Worcester,K0037,Toestelle,Wasmajien,4444.93,3069.33,1,0.1452944230375369,0.1430510055238049,-0.4123517295081363,4444.93,8.399744349910767,False,False,False,False,False,False,False,True,False,2025,5,2,4,30.947618972627243,1375.6000000000004,May,False,Herfs,Laag,Goed,44.81759862901677,1325.6000000000004,44.81759862901677,2025-05
T00260,2025-12-16,Stellenbosch,K0143,Toestelle,Stoof,8400.01,5854.05,1,0.3336737269769901,0.3280227488302765,-0.4123517295081363,8400.01,9.036107215698625,False,False,False,False,False,False,True,False,False,2025,12,4,1,30.309011536891028,2545.96,December,False,Somer,Medium,Goed,43.49057490113682,2495.96,43.49057490113682,2025-12
T00261,2024-12-27,Worcester,K0089,Toestelle,Droër,4019.07,2669.1,1,0.1250108357584793,0.1164661995743561,-0.4123517295081363,4019.07,8.299054594396786,False,True,False,False,False,False,False,False,False,2024,12,4,4,33.58911389948421,1349.9700000000003,December,False,Somer,Laag,Goed,50.57772282791954,1299.9700000000003,50.57772282791954,2024-12
T00262,2025-07-26,Worcester,K0077,Toestelle,Mikrogolf,2455.44,1736.15,1,0.0505355960619757,0.0544960956077912,-0.4123517295081363,2455.44,7.806468426315496,False,False,False,False,False,True,False,False,False,2025,7,3,5,29.29373146971622,719.29,July,True,Winter,Laag,Gemiddeld,41.4301759640584,669.29,41.4301759640584,2025-07
T00263,2025-07-21,Stellenbosch,K0077,Toestelle,Wasmajien,7549.9,5355.83,1,0.2931832362481126,0.2949290726437478,-0.4123517295081363,7549.9,8.929422040436696,False,False,False,False,False,False,False,True,False,2025,7,3,0,29.06091471410217,2194.0699999999997,July,False,Winter,Medium,Gemiddeld,40.96601273752153,2144.0699999999997,40.96601273752153,2025-07
T00264,2024-11-25,Paarl,K0107,Meubels,Lessenaar,3560.12,2391.44,1,0.103151181454897,0.0980229613865042,-0.4123517295081363,3560.12,8.177830381109326,False,False,False,False,True,False,False,False,False,2024,11,4,0,32.826983360111456,1168.6799999999998,November,False,Lente,Laag,Goed,48.86930050513497,1118.6799999999998,48.86930050513497,2024-11
T00265,2025-12-25,Stellenbosch,K0085,Toestelle,Wasmajien,6905.98,4899.16,1,0.2625135149295318,0.2645953062271003,-0.4123517295081363,6905.98,8.840287773471635,False,False,False,False,False,False,False,True,False,2025,12,4,3,29.059163217964716,2006.8199999999997,December,False,Somer,Medium,Gemiddeld,40.96253235248491,1956.8199999999997,40.96253235248491,2025-12
T00266,2024-09-19,Paarl,K0049,Toestelle,Yskas,10910.28,7319.55,1,0.4532371530771173,0.4253668587643575,-0.4123517295081363,10910.28,9.297552395501617,False,False,False,False,False,False,False,False,True,2024,9,3,3,32.91143765329579,3590.7300000000005,September,False,Lente,Medium,Goed,49.05670430559256,3540.7300000000005,49.05670430559256,2024-09
T00267,2024-08-22,Paarl,K0019,Toestelle,Droër,5863.69,3909.96,1,0.212869546993851,0.1988888623193604,-0.4123517295081363,5863.69,8.676704903765673,False,True,False,False,False,False,False,False,False,2024,8,3,3,33.319121577027424,1953.7299999999996,August,False,Winter,Medium,Goed,49.96803036348197,1903.7299999999996,49.96803036348197,2024-08
T00268,2025-01-09,Worcester,K0086,Meubels,Kas,4810.69,3318.34,1,0.162715464889761,0.1595912012349516,-0.4123517295081363,4810.69,8.478803652741727,False,False,False,True,False,False,False,False,False,2025,1,1,3,31.021537450968562,1492.3499999999995,January,False,Somer,Laag,Goed,44.97278759861857,1442.3499999999995,44.97278759861857,2025-01
T00269,2025-05-07,Stellenbosch,K0031,Meubels,Bank,11732.42,8220.15,3,0.4923954408843884,0.4851881521158643,3.146503737778303,35197.26,10.468751928546212,False,False,False,False,False,False,False,False,False,2025,5,2,2,29.936449598633537,3512.2700000000004,May,False,Herfs,Hoog,Gemiddeld,42.727565798677645,3462.2700000000004,42.727565798677645,2025-05
T00270,2025-11-03,Stellenbosch,K0142,Meubels,Kas,4447.14,3191.49,2,0.1453996846913357,0.1511653395187195,1.3670760041350831,8894.28,9.09327607796313,False,False,False,True,False,False,False,False,False,2025,11,4,0,28.235000472213613,1255.6500000000005,November,False,Lente,Medium,Gemiddeld,39.34369213126159,1205.6500000000005,39.34369213126159,2025-11
T00271,2025-05-26,Paarl,K0092,Toestelle,Mikrogolf,3482.36,2463.13,1,0.0994474953918257,0.1027848851266436,-0.4123517295081363,3482.36,8.155752624197936,False,False,False,False,False,True,False,False,False,2025,5,2,0,29.268369726277584,1019.23,May,False,Herfs,Laag,Gemiddeld,41.379464340087615,969.23,41.379464340087615,2025-05
T00272,2025-05-12,Paarl,K0120,Toestelle,Droër,6542.32,4428.58,2,0.2451924954632703,0.2333375844578886,1.3670760041350831,13084.64,9.4792707247349,False,True,False,False,False,False,False,False,False,2025,5,2,0,32.30872228811798,2113.74,May,False,Herfs,Medium,Goed,47.72952052350866,2063.74,47.72952052350866,2025-05
T00273,2024-10-09,Worcester,K0095,Toestelle,Stoof,7240.49,4682.6,2,0.2784461284192176,0.2502105635131293,1.3670760041350831,14480.98,9.580660396923092,False,False,False,False,False,False,True,False,False,2024,10,4,2,35.327581420594456,2557.8899999999994,October,False,Lente,Medium,Goed,54.62542177422798,2507.8899999999994,54.62542177422798,2024-10
T00274,2025-05-17,Paarl,K0190,Meubels,Lessenaar,4713.98,3168.05,2,0.1581091958676465,0.1496083651503436,1.3670760041350831,9427.96,9.151541083225265,False,False,False,False,True,False,False,False,False,2025,5,2,5,32.794581224358176,1545.9299999999994,May,True,Herfs,Medium,Goed,48.79752529158313,1495.9299999999994,48.79752529158313,2025-05
T00275,2024-11-27,Stellenbosch,K0149,Toestelle,Droër,6365.21,4158.44,2,0.2367567979500174,0.2153938534052835,1.3670760041350831,12730.42,9.45182823285602,False,True,False,False,False,False,False,False,False,2024,11,4,2,34.66924107767066,2206.7700000000004,November,False,Lente,Medium,Goed,53.067255990227125,2156.7700000000004,53.067255990227125,2024-11
T00276,2025-09-01,Paarl,K0098,Meubels,Bank,11447.58,7950.5,1,0.4788285949712555,0.4672769687356358,-0.4123517295081363,11447.58,9.345620983824334,False,False,False,False,False,False,False,False,False,2025,9,3,0,30.54863997456231,3497.08,September,False,Lente,Medium,Goed,43.98566127916483,3447.08,43.98566127916483,2025-09
T00277,2025-03-09,Paarl,K0126,Toestelle,Stoof,7545.1,5178.14,1,0.2929546136516268,0.2831262238589052,-0.4123517295081363,7545.1,8.928786152490517,False,False,False,False,False,False,True,False,False,2025,3,1,6,31.370823448330704,2366.96,March,True,Herfs,Medium,Goed,45.71062196078128,2316.96,45.71062196078128,2025-03
T00278,2025-11-15,Paarl,K0185,Meubels,Bed,6848.36,4881.8,1,0.2597690911775492,0.2634421886914773,-0.4123517295081363,6848.36,8.831910496234421,True,False,False,False,False,False,False,False,False,2025,11,4,5,28.7157801283811,1966.5599999999995,November,True,Lente,Medium,Gemiddeld,40.283501986972006,1916.5599999999995,40.283501986972006,2025-11
T00279,2025-11-13,Stellenbosch,K0020,Meubels,Lessenaar,2984.81,2130.32,1,0.0757493343748362,0.0806783732009108,-0.4123517295081363,2984.81,8.001626345800029,False,False,False,False,True,False,False,False,False,2025,11,4,3,28.627952868021744,854.4899999999998,November,False,Lente,Laag,Gemiddeld,40.11087536144803,804.4899999999998,40.11087536144803,2025-11
T00280,2024-08-19,Stellenbosch,K0060,Toestelle,Wasmajien,9050.31,5828.31,1,0.3646473258300667,0.3263129996731948,-0.4123517295081363,9050.31,9.110664777599716,False,False,False,False,False,False,False,True,False,2024,8,3,0,35.60099046331009,3221.999999999999,August,False,Winter,Medium,Goed,55.28189132012537,3171.999999999999,55.28189132012537,2024-08
T00281,2024-09-08,Worcester,K0117,Meubels,Eetstel,16729.67,10996.59,1,0.7304129971946102,0.6696099061829949,-0.4123517295081363,16729.67,9.724998840997268,False,False,True,False,False,False,False,False,False,2024,9,3,6,34.26893656599322,5733.079999999998,September,True,Lente,Hoog,Goed,52.13507096290757,5683.079999999998,52.13507096290757,2024-09
T00282,2025-07-18,Stellenbosch,K0137,Toestelle,Mikrogolf,2655.63,1846.67,1,0.060070587226665,0.061837256324212,-0.4123517295081363,2655.63,7.884813681264319,False,False,False,False,False,True,False,False,False,2025,7,3,4,30.46207491254429,808.96,July,False,Winter,Laag,Goed,43.80641912198715,758.96,43.80641912198715,2025-07
T00283,2025-08-26,Stellenbosch,K0138,Meubels,Lessenaar,4372.08,3057.18,1,0.1418245988387877,0.1422439560965111,-0.4123517295081363,4372.08,8.383222845322878,False,False,False,False,True,False,False,False,False,2025,8,3,1,30.074930010429824,1314.9,August,False,Winter,Laag,Goed,43.01022510941456,1264.9,43.01022510941456,2025-08
T00284,2025-04-20,Stellenbosch,K0025,Toestelle,Wasmajien,5566.69,3870.53,1,0.1987235238362871,0.1962697710503731,-0.4123517295081363,5566.69,8.624735525176973,False,False,False,False,False,False,False,True,False,2025,4,2,6,30.469812401983937,1696.1599999999994,April,True,Herfs,Medium,Goed,43.82242225224967,1646.1599999999994,43.82242225224967,2025-04
T00285,2025-12-19,Stellenbosch,K0065,Meubels,Bank,10109.12,7433.32,1,0.4150781365353199,0.4329238968996016,-0.4123517295081363,10109.12,9.221292181380278,False,False,False,False,False,False,False,False,False,2025,12,4,4,26.46916843404768,2675.800000000001,December,False,Somer,Medium,Gemiddeld,35.997373986321065,2625.800000000001,35.997373986321065,2025-12
T00286,2025-06-28,Paarl,K0104,Toestelle,Yskas,6155.49,4308.2,1,0.2267678956718885,0.225341484864668,-0.4123517295081363,6155.49,8.725262088932086,False,False,False,False,False,False,False,False,True,2025,6,2,5,30.010445959623038,1847.29,June,True,Winter,Medium,Goed,42.878464323847545,1797.29,42.878464323847545,2025-06
T00287,2025-10-14,Worcester,K0021,Meubels,Bank,10383.57,7512.96,1,0.428150109786476,0.4382138900180938,-0.4123517295081363,10383.57,9.24807632957911,False,False,False,False,False,False,False,False,False,2025,10,4,1,27.645694110984948,2870.6099999999997,October,False,Lente,Medium,Gemiddeld,38.20877523639151,2820.6099999999997,38.20877523639151,2025-10
T00288,2024-08-02,Stellenbosch,K0122,Toestelle,Mikrogolf,1959.23,5045.4,1,0.0269012588531719,0.2743091258359438,-0.4123517295081363,1959.23,7.580817092278725,False,False,False,False,False,True,False,False,False,2024,8,3,4,-157.51953573597788,-3086.1699999999996,August,False,Winter,Laag,,-61.16799460895073,-3136.1699999999996,-61.16799460895073,2024-08
T00289,2024-08-27,Worcester,K0112,Meubels,Bank,16217.85,10417.09,1,0.7060351602501512,0.6311173018112447,-0.4123517295081363,16217.85,9.693929425032566,False,False,False,False,False,False,False,False,False,2024,8,3,1,35.767749732547784,5800.76,August,False,Winter,Hoog,Goed,55.68503296026049,5750.76,55.68503296026049,2024-08
T00290,2025-06-05,Worcester,K0059,Meubels,Lessenaar,5381.64,3728.62,2,0.1899096464446805,0.1868435665872237,1.3670760041350831,10763.28,9.28398852414318,False,False,False,False,True,False,False,False,False,2025,6,2,3,30.715915594502796,1653.0200000000004,June,False,Winter,Medium,Goed,44.33329220998655,1603.0200000000004,44.33329220998655,2025-06
T00291,2025-02-02,Worcester,K0020,Toestelle,Stoof,8639.26,5820.69,1,0.3450691345205832,0.3258068501558302,-0.4123517295081363,8639.26,9.06418795393792,False,False,False,False,False,False,True,False,False,2025,2,1,6,32.62513224512285,2818.5700000000006,February,True,Somer,Medium,Goed,48.423296894354465,2768.5700000000006,48.423296894354465,2025-02
T00292,2025-04-14,Worcester,K0081,Meubels,Bank,9846.79,6648.38,2,0.4025834353402905,0.3807851827053625,1.3670760041350831,19693.58,9.888098749968178,False,False,False,False,False,False,False,False,False,2025,4,2,0,32.48175293674386,3198.4100000000008,April,False,Herfs,Hoog,Goed,48.108110547231064,3148.4100000000008,48.108110547231064,2025-04
T00293,2024-07-17,Stellenbosch,K0077,Meubels,Kas,4444.13,2927.12,2,0.145256319271456,0.1336048739143026,1.3670760041350831,8888.26,9.092599085448292,False,False,False,True,False,False,False,False,False,2024,7,3,2,34.13514006115933,1517.0100000000002,July,False,Winter,Medium,Goed,51.826026947989845,1467.0100000000002,51.826026947989845,2024-07
T00294,2024-12-14,Worcester,K0100,Meubels,Lessenaar,4309.66,2908.68,1,0.1388515524903192,0.1323800186518089,-0.4123517295081363,4309.66,8.368846303624828,False,False,False,False,True,False,False,False,False,2024,12,4,5,32.50790085528789,1400.98,December,True,Somer,Laag,Goed,48.16549087558618,1350.98,48.16549087558618,2024-12
T00295,2025-06-05,Paarl,K0089,Meubels,Eetstel,17778.53,12418.91,1,0.780369892309231,0.764085835518677,-0.4123517295081363,17778.53,9.78580307452278,False,False,True,False,False,False,False,False,False,2025,6,2,3,30.146586922540834,5359.619999999999,June,False,Winter,Hoog,Goed,43.15692762086205,5309.619999999999,43.15692762086205,2025-06
T00296,2024-08-24,Stellenbosch,K0088,Toestelle,Wasmajien,9864.12,6258.08,1,0.4034088581730197,0.3548599653001958,-0.4123517295081363,9864.12,9.19676058259966,False,False,False,False,False,False,False,True,False,2024,8,3,5,36.55713839653208,3606.040000000001,August,True,Winter,Medium,Goed,57.62214608953546,3556.040000000001,57.62214608953546,2024-08
T00297,2025-08-11,Paarl,K0116,Meubels,Bed,5202.86,3727.77,1,0.1813944073197334,0.1867871063392238,-0.4123517295081363,5202.86,8.557155936887737,True,False,False,False,False,False,False,False,False,2025,8,3,0,28.351522047489265,1475.0899999999997,August,False,Winter,Medium,Gemiddeld,39.5703061079412,1425.0899999999997,39.5703061079412,2025-08
T00298,2025-11-15,Stellenbosch,K0111,Toestelle,Droër,7175.56,5210.23,2,0.2753535315046701,0.2852577642804572,1.3670760041350831,14351.12,9.571652945467635,False,True,False,False,False,False,False,False,False,2025,11,4,5,27.389221189705065,1965.3300000000008,November,True,Lente,Medium,Gemiddeld,37.72059966642549,1915.3300000000008,37.72059966642549,2025-11
T00299,2025-01-07,Worcester,K0076,Toestelle,Yskas,7698.71,5280.32,1,0.300271013036251,0.2899134099067143,-0.4123517295081363,7698.71,8.948937944794869,False,False,False,False,False,False,False,False,True,2025,1,1,1,31.412925022503774,2418.3900000000003,January,False,Somer,Medium,Goed,45.80006514756682,2368.3900000000003,45.80006514756682,2025-01
T00300,2025-03-10,Worcester,K0098,Meubels,Eetstel,13538.62,9337.69,1,0.5784242187537212,0.5594194292333894,-0.4123517295081363,13538.62,9.513375481079825,False,False,True,False,False,False,False,False,False,2025,3,1,0,31.029233407836248,4200.93,March,False,Herfs,Medium,Goed,44.98896407998124,4150.93,44.98896407998124,2025-03
T00301,2024-12-05,Worcester,K0024,Toestelle,Stoof,8587.34,5779.52,1,0.3425962001019276,0.323072181437996,-0.4123517295081363,8587.34,9.05816074834076,False,False,False,False,False,False,True,False,False,2024,12,4,3,32.69720309199356,2807.8199999999997,December,False,Somer,Medium,Goed,48.58223520292342,2757.8199999999997,48.58223520292342,2024-12
T00302,2024-07-06,Paarl,K0027,Toestelle,Stoof,7004.29,4417.64,1,0.2671959914838083,0.2326109078542183,-0.4123517295081363,7004.29,8.854420856914906,False,False,False,False,False,False,True,False,False,2024,7,3,5,36.929510342946955,2586.6499999999996,July,True,Winter,Medium,Goed,58.55275667550999,2536.6499999999996,58.55275667550999,2024-07
T00303,2024-11-13,Stellenbosch,K0143,Meubels,Kas,5641.58,3648.84,1,0.2022905126385429,0.1815442741337669,-0.4123517295081363,5641.58,8.63809668670372,False,False,False,True,False,False,False,False,False,2024,11,4,2,35.322374228496265,1992.7399999999998,November,False,Lente,Medium,Goed,54.612972890014355,1942.7399999999998,54.612972890014355,2024-11
T00304,2025-12-07,Paarl,K0142,Meubels,Eetstel,12277.31,8612.42,1,0.5183483922592199,0.5112442244487486,-0.4123517295081363,12277.31,9.4155895700805,False,False,True,False,False,False,False,False,False,2025,12,4,6,29.850920111978922,3664.8899999999994,December,True,Somer,Medium,Gemiddeld,42.55354476442161,3614.8899999999994,42.55354476442161,2025-12
T00306,2025-08-02,Stellenbosch,K0176,Meubels,Lessenaar,5255.39,3646.24,1,0.1838963958600258,0.1813715721987081,-0.4123517295081363,5255.39,8.567199758324938,False,False,False,False,True,False,False,False,False,2025,8,3,5,30.61904064208366,1609.1500000000005,August,True,Winter,Medium,Goed,44.13176313133531,1559.1500000000005,44.13176313133531,2025-08
T00307,2025-07-25,Stellenbosch,K0127,Meubels,Bed,8198.66,5688.25,1,0.3240834853514834,0.3170096792792218,-0.4123517295081363,8198.66,9.01184796897808,True,False,False,False,False,False,False,False,False,2025,7,3,4,30.61975981440869,2510.41,July,False,Winter,Medium,Goed,44.133257152902914,2460.41,44.133257152902914,2025-07
T00308,2024-11-27,Stellenbosch,K0077,Meubels,Kas,7127.08,4806.19,1,0.2730444432801627,0.2584198835723262,-0.4123517295081363,7127.08,8.87179719243222,False,False,False,True,False,False,False,False,False,2024,11,4,2,32.564388220701886,2320.8900000000003,November,False,Lente,Medium,Goed,48.28960153468757,2270.8900000000003,48.28960153468757,2024-11
T00309,2025-11-08,Stellenbosch,K0185,Toestelle,Stoof,7307.28,5255.94,2,0.2816273165899035,0.2882939971464325,1.3670760041350831,14614.56,9.589841993609086,False,False,False,False,False,False,True,False,False,2025,11,4,5,28.072552304003683,2051.34,November,True,Lente,Medium,Gemiddeld,39.028984349136415,2001.3400000000001,39.028984349136415,2025-11
T00310,2025-11-20,Worcester,K0078,Meubels,Kas,6855.9,4903.37,1,0.2601282191728625,0.2648749505142532,-0.4123517295081363,6855.9,8.833010723540863,False,False,False,True,False,False,False,False,False,2025,11,4,3,28.479557753176092,1952.5299999999997,November,False,Lente,Medium,Gemiddeld,39.82016449910979,1902.5299999999997,39.82016449910979,2025-11
T00311,2024-07-07,Paarl,K0085,Toestelle,Droër,4546.95,3025.57,1,0.1501536058070139,0.1401442991091237,-0.4123517295081363,4546.95,8.422431860966546,False,True,False,False,False,False,False,False,False,2024,7,3,6,33.4593518732337,1521.3799999999997,July,True,Winter,Laag,Goed,50.284078702525456,1471.3799999999997,50.284078702525456,2024-07
T00313,2025-01-22,Paarl,K0082,Toestelle,Wasmajien,7957.89,5468.33,3,0.3126156806523365,0.3024017525260979,3.146503737778303,23873.67,10.080573343263875,False,False,False,False,False,False,False,True,False,2025,1,1,2,31.28417206068443,2489.5600000000004,January,False,Somer,Hoog,Goed,45.52687932147476,2439.5600000000004,45.52687932147476,2025-01
T00314,2025-04-25,Worcester,K0084,Toestelle,Droër,4506.18,3090.13,1,0.148211742628112,0.144432621004275,-0.4123517295081363,4506.18,8.41342695976757,False,True,False,False,False,False,False,False,False,2025,4,2,4,31.42462129786205,1416.0500000000002,April,False,Herfs,Laag,Goed,45.82493293162424,1366.0500000000002,45.82493293162424,2025-04
T00315,2025-07-21,Paarl,K0145,Toestelle,Stoof,7326.7,5152.15,1,0.2825522855115192,0.2813998687465293,-0.4123517295081363,7326.7,8.89941696665132,False,False,False,False,False,False,True,False,False,2025,7,3,0,29.679801274789476,2174.55,July,False,Winter,Medium,Gemiddeld,42.20665159205381,2124.55,42.20665159205381,2025-07
T00316,2025-01-21,Worcester,K0187,Meubels,Lessenaar,4547.4,3128.41,1,0.1501750391754344,0.1469753248789093,-0.4123517295081363,4547.4,8.422530801750568,False,False,False,False,True,False,False,False,False,2025,1,1,1,31.204424506311295,1418.9899999999998,January,False,Somer,Laag,Goed,45.3581851483661,1368.9899999999998,45.3581851483661,2025-01
T00317,2025-10-16,Worcester,K0178,Meubels,Kas,7509.44,5392.89,1,0.2912561382785671,0.2973907394565469,-0.4123517295081363,7509.44,8.92404933159054,False,False,False,True,False,False,False,False,False,2025,10,4,3,28.185190906379166,2116.5499999999993,October,False,Lente,Medium,Gemiddeld,39.24704564713909,2066.5499999999993,39.24704564713909,2025-10
T00318,2024-09-09,Paarl,K0062,Toestelle,Wasmajien,6134.66,3990.71,1,0.2257757688625549,0.2042525858793583,-0.4123517295081363,6134.66,8.72187293082086,False,False,False,False,False,False,False,True,False,2024,9,3,0,34.94814708557605,2143.95,September,False,Lente,Medium,Goed,53.723522881893196,2093.95,53.723522881893196,2024-09
T00319,2025-03-16,Worcester,K0019,Meubels,Kas,6794.71,4635.68,1,0.2572137573647435,0.2470939578235305,-0.4123517295081363,6794.71,8.824046809721246,False,False,False,True,False,False,False,False,False,2025,3,1,6,31.77516038212079,2159.0299999999997,March,True,Herfs,Medium,Goed,46.57418113415938,2109.0299999999997,46.57418113415938,2025-03
T00320,2025-10-03,Worcester,K0130,Toestelle,Droër,8229.88,5858.52,1,0.3255704848227936,0.3283196633109352,-0.4123517295081363,8229.88,9.015648213835874,False,True,False,False,False,False,False,False,False,2025,10,4,4,28.814028880129467,2371.3599999999988,October,False,Lente,Medium,Gemiddeld,40.47711708759206,2321.3599999999988,40.47711708759206,2025-10
T00321,2025-09-02,Worcester,K0138,Meubels,Bed,9154.14,6327.52,1,0.3695927183703019,0.3594724354426882,-0.4123517295081363,9154.14,9.122070749181749,True,False,False,False,False,False,False,False,False,2025,9,3,1,30.87805080542792,2826.619999999999,September,False,Lente,Medium,Goed,44.67184615773635,2776.619999999999,44.67184615773635,2025-09
T00322,2024-09-26,Stellenbosch,K0157,Meubels,Bed,7593.91,4853.85,1,0.2952794196796426,0.2615856428895956,-0.4123517295081363,7593.91,8.935233565058411,True,False,False,False,False,False,False,False,False,2024,9,3,3,36.08233439690488,2740.0599999999995,September,False,Lente,Medium,Goed,56.45127064083149,2690.0599999999995,56.45127064083149,2024-09
T00323,2024-08-15,Worcester,K0111,Toestelle,Stoof,9168.06,5834.14,3,0.3702557239001109,0.3267002505506534,3.146503737778303,27504.18,10.222129629552825,False,False,False,False,False,False,True,False,False,2024,8,3,3,36.3645089582747,3333.919999999999,August,False,Winter,Hoog,Goed,57.145011946919325,3283.919999999999,57.145011946919325,2024-08
T00324,2024-10-17,Stellenbosch,K0192,Meubels,Bed,6792.03,4580.66,1,0.2570861097483722,0.2434393191824024,-0.4123517295081363,6792.03,8.823652365492459,True,False,False,False,False,False,False,False,False,2024,10,4,3,32.55830731018561,2211.37,October,False,Lente,Medium,Goed,48.276230936153304,2161.37,48.276230936153304,2024-10
T00325,2025-12-14,Worcester,K0119,Meubels,Kas,6129.88,4371.42,1,0.2255480988602211,0.2295407988394429,-0.4123517295081363,6129.88,8.721093574907627,False,False,False,True,False,False,False,False,False,2025,12,4,6,28.686695334982087,1758.46,December,True,Somer,Medium,Gemiddeld,40.22628802540136,1708.46,40.22628802540136,2025-12
T00326,2025-11-25,Stellenbosch,K0076,Toestelle,Yskas,8688.65,6069.45,1,0.3474215657790077,0.3423304399116829,-0.4123517295081363,8688.65,9.069887941268814,False,False,False,False,False,False,False,False,True,2025,11,4,1,30.145074321097066,2619.2,November,False,Lente,Medium,Goed,43.15382777681668,2569.2,43.15382777681668,2025-11
T00327,2025-08-30,Stellenbosch,K0088,Meubels,Bank,12844.01,9151.23,1,0.5453401475568341,0.5470340435368293,-0.4123517295081363,12844.01,9.460710688056722,False,False,False,False,False,False,False,False,False,2025,8,3,5,28.750989760985863,3692.7800000000007,August,True,Winter,Medium,Gemiddeld,40.35282688775171,3642.7800000000007,40.35282688775171,2025-08
T00329,2025-10-07,Paarl,K0182,Meubels,Bed,8788.9,6167.4,1,0.3521964439660305,0.3488366531959157,-0.4123517295081363,8788.9,9.081358614050233,True,False,False,False,False,False,False,False,False,2025,10,4,1,29.827395919853455,2621.5,October,False,Lente,Medium,Gemiddeld,42.505756072250875,2571.5,42.505756072250875,2025-10
T00330,2024-10-26,Stellenbosch,K0043,Toestelle,Yskas,8158.03,5390.37,1,0.3221482903316456,0.2972233514271821,-0.4123517295081363,8158.03,9.006880568343231,False,False,False,False,False,False,False,False,True,2024,10,4,5,33.92559233050136,2767.66,October,True,Lente,Medium,Goed,51.34452737010632,2717.66,51.34452737010632,2024-10
T00331,2025-03-07,Worcester,K0144,Meubels,Lessenaar,5371.12,3681.44,1,0.1894085819207155,0.183709690704119,-0.4123517295081363,5371.12,8.588977895442781,False,False,False,False,True,False,False,False,False,2025,3,1,4,31.45861570771087,1689.6799999999998,March,False,Herfs,Medium,Goed,45.89725759485418,1639.6799999999998,45.89725759485418,2025-03
T00332,2025-09-10,Paarl,K0048,Meubels,Kas,5510.96,5045.4,1,0.1960691202316709,0.2743091258359438,-0.4123517295081363,5510.96,8.614675555773113,False,False,False,True,False,False,False,False,False,2025,9,3,2,8.447892926096367,465.5600000000004,September,False,Lente,Medium,Swak,9.227415071153931,415.5600000000004,9.227415071153931,2025-09
T00333,2025-09-16,Paarl,K0116,Meubels,Lessenaar,2461.88,1737.93,2,0.0508423313789276,0.0546143300094853,1.3670760041350831,4923.76,8.50203082145433,False,False,False,False,True,False,False,False,False,2025,9,3,1,29.406388613579864,723.95,September,False,Lente,Laag,Gemiddeld,41.65587796976863,673.95,41.65587796976863,2025-09
T00334,2025-09-13,Paarl,K0193,Meubels,Bank,9479.78,6753.3,1,0.3851028563535649,0.3877543700231952,-0.4123517295081363,9479.78,9.157021870345393,False,False,False,False,False,False,False,False,False,2025,9,3,5,28.761005002225794,2726.4800000000005,September,True,Lente,Medium,Gemiddeld,40.37255860098027,2676.4800000000005,40.37255860098027,2025-09
T00335,2024-09-03,Worcester,K0084,Meubels,Lessenaar,4518.42,3020.51,1,0.148794730249151,0.1398081945739709,-0.4123517295081363,4518.42,8.416138946008672,False,False,False,False,True,False,False,False,False,2024,9,3,1,33.15119001774956,1497.9099999999999,September,False,Lente,Laag,Goed,49.59129418541901,1447.9099999999999,49.59129418541901,2024-09
T00337,2025-12-23,Worcester,K0101,Toestelle,Droër,7495.29,5245.59,1,0.2905821779160097,0.2876065105972564,-0.4123517295081363,7495.29,8.922163510469817,False,True,False,False,False,False,False,False,False,2025,12,4,1,30.014849325376336,2249.7,December,False,Somer,Medium,Goed,42.88745403281613,2199.7,42.88745403281613,2025-12
T00338,2024-10-25,Paarl,K0173,Toestelle,Mikrogolf,1394.43,915.72,1,0.0,0.0,-0.4123517295081363,1394.43,7.240957890485727,False,False,False,False,False,True,False,False,False,2024,10,4,4,34.330156407994664,478.71000000000004,October,False,Lente,Laag,Goed,52.27689686803827,428.71000000000004,52.27689686803827,2024-10
T00339,2025-05-01,Worcester,K0062,Meubels,Bank,8303.53,5840.03,1,0.3290784127876239,0.3270914868573827,-0.4123517295081363,8303.53,9.024556428031776,False,False,False,False,False,False,False,False,False,2025,5,2,3,29.668105010760492,2463.500000000001,May,False,Herfs,Medium,Gemiddeld,42.18300248457629,2413.500000000001,42.18300248457629,2025-05
T00341,2025-08-02,Paarl,K0048,Meubels,Lessenaar,5132.78,3514.93,1,0.1780565174110396,0.1726494602400291,-0.4123517295081363,5132.78,8.543597508935214,False,False,False,False,True,False,False,False,False,2025,8,3,5,31.519956047210286,1617.85,August,True,Winter,Medium,Goed,46.02794365748393,1567.85,46.02794365748393,2025-08
T00342,2025-11-11,Worcester,K0074,Meubels,Lessenaar,6770.69,4744.08,1,0.2560696917881621,0.2542943000390572,-0.4123517295081363,6770.69,8.820505965477537,False,False,False,False,True,False,False,False,False,2025,11,4,1,29.932104408856407,2026.6099999999997,November,False,Lente,Medium,Gemiddeld,42.718714692838226,1976.6099999999997,42.718714692838226,2025-11
T00343,2024-11-21,Stellenbosch,K0092,Toestelle,Mikrogolf,2270.32,1533.86,1,0.041718384590837,0.041059220822008,-0.4123517295081363,2270.32,7.728116439268475,False,False,False,False,False,True,False,False,False,2024,11,4,3,32.4385989640227,736.4600000000003,November,False,Lente,Laag,Goed,48.01350840363529,686.4600000000003,48.01350840363529,2024-11
T00344,2024-07-10,Paarl,K0144,Meubels,Bank,9875.39,6322.64,1,0.4039456449776855,0.3591482871953472,-0.4123517295081363,9875.39,9.197902339357306,False,False,False,False,False,False,False,False,False,2024,7,3,2,35.97579437369055,3552.749999999999,July,False,Winter,Medium,Goed,56.190926574974995,3502.749999999999,56.190926574974995,2024-07
T00345,2025-11-30,Worcester,K0107,Toestelle,Mikrogolf,2535.78,1779.42,1,0.0543621667706582,0.057370254350096,-0.4123517295081363,2535.78,7.838650839244778,False,False,False,False,False,True,False,False,False,2025,11,4,6,29.827508695549298,756.3600000000001,November,True,Lente,Laag,Gemiddeld,42.50598509626733,706.3600000000001,42.50598509626733,2025-11
T00346,2025-09-28,Paarl,K0195,Meubels,Eetstel,13567.03,9352.75,1,0.5797773787466719,0.5604197719803066,-0.4123517295081363,13567.03,9.515471569114146,False,False,True,False,False,False,False,False,False,2025,9,3,6,31.06265704431995,4214.280000000001,September,True,Lente,Medium,Goed,45.05926064526477,4164.280000000001,45.05926064526477,2025-09
T00347,2025-02-11,Paarl,K0074,Meubels,Bed,10075.08,6979.98,1,0.4134568212885741,0.4028113218074718,-0.4123517295081363,10075.08,9.217919577099575,True,False,False,False,False,False,False,False,False,2025,2,1,1,30.720351600185808,3095.1000000000004,February,False,Somer,Medium,Goed,44.34253393276199,3045.1000000000004,44.34253393276199,2025-02
T00348,2024-12-20,Paarl,K0147,Toestelle,Droër,5887.98,3860.08,1,0.2140264725914847,0.1955756421190793,-0.4123517295081363,5887.98,8.680838086776467,False,True,False,False,False,False,False,False,False,2024,12,4,4,34.44135340133628,2027.8999999999996,December,False,Somer,Medium,Goed,52.53518061801827,1977.8999999999996,52.53518061801827,2024-12
T00349,2024-10-25,Paarl,K0011,Toestelle,Droër,6176.15,4013.11,1,0.2277519254309297,0.2057404794737108,-0.4123517295081363,6176.15,8.728612279033888,False,True,False,False,False,False,False,False,False,2024,10,4,4,35.0224654517782,2163.0399999999995,October,False,Lente,Medium,Goed,53.899344897099745,2113.0399999999995,53.899344897099745,2024-10
T00350,2025-09-25,Worcester,K0168,Meubels,Kas,4531.85,3255.9,1,0.1494343972222354,0.1554436978406944,-0.4123517295081363,4531.85,8.41910615972491,False,False,False,True,False,False,False,False,False,2025,9,3,3,28.1551684190783,1275.9500000000003,September,False,Lente,Laag,Gemiddeld,39.188857151632426,1225.9500000000003,39.188857151632426,2025-09
T00352,2025-09-23,Stellenbosch,K0151,Meubels,Bank,9694.59,6774.56,1,0.395334193843384,0.3891665404614064,-0.4123517295081363,9694.59,9.179426421936492,False,False,False,False,False,False,False,False,False,2025,9,3,1,30.120201060591523,2920.0299999999997,September,False,Lente,Medium,Goed,43.10287310172173,2870.0299999999997,43.10287310172173,2025-09
T00353,2025-06-25,Worcester,K0053,Toestelle,Wasmajien,7620.15,5354.73,1,0.2965292232070987,0.2948560064404536,-0.4123517295081363,7620.15,8.938682555928791,False,False,False,False,False,False,False,True,False,2025,6,2,2,29.729336036692196,2265.42,June,False,Winter,Medium,Gemiddeld,42.306895025519495,2215.42,42.306895025519495,2025-06
T00354,2025-01-28,Stellenbosch,K0138,Toestelle,Droër,8752.15,5947.14,1,0.3504460522116854,0.3342061423435918,-0.4123517295081363,8752.15,9.077168914567208,False,True,False,False,False,False,False,False,False,2025,1,1,1,32.04938215181412,2805.0099999999993,January,False,Somer,Medium,Goed,47.165696452412405,2755.0099999999993,47.165696452412405,2025-01
T00355,2024-12-20,Paarl,K0132,Toestelle,Stoof,5298.3,3554.97,1,0.1859401866131944,0.1753090700399339,-0.4123517295081363,5298.3,8.575330015345783,False,False,False,False,False,False,True,False,False,2024,12,4,4,32.903572844119815,1743.3300000000004,December,False,Somer,Medium,Goed,49.03923239858566,1693.3300000000004,49.03923239858566,2024-12
T00356,2024-10-06,Stellenbosch,K0168,Toestelle,Yskas,11992.09,7720.21,3,0.5047634470571986,0.4519802269569122,3.146503737778303,35976.270000000004,10.490642629139453,False,False,False,False,False,False,False,False,True,2024,10,4,6,35.622481152159466,4271.88,October,True,Lente,Hoog,Goed,55.33372796853971,4221.88,55.33372796853971,2024-10
T00357,2024-11-07,Worcester,K0083,Meubels,Bank,12699.92,8449.51,1,0.5384771829885736,0.5004231197408939,-0.4123517295081363,12699.92,9.449429710767848,False,False,False,False,False,False,False,False,False,2024,11,4,3,33.46800609767621,4250.41,November,False,Lente,Medium,Goed,50.30362707423271,4200.41,50.30362707423271,2024-11
T00358,2025-03-11,Worcester,K0162,Toestelle,Mikrogolf,1937.26,1310.85,1,0.0258548341771729,0.0262460444614489,-0.4123517295081363,1937.26,7.569545942378936,False,False,False,False,False,True,False,False,False,2025,3,1,1,32.33484405810268,626.4100000000001,March,False,Herfs,Laag,Goed,47.786550711370495,576.4100000000001,47.786550711370495,2025-03
T00359,2025-04-02,Worcester,K0163,Toestelle,Mikrogolf,2554.7,1729.87,1,0.0552633208384733,0.0540789540108031,-0.4123517295081363,2554.7,7.846081437716904,False,False,False,False,False,True,False,False,False,2025,4,2,2,32.286765569342776,824.8299999999999,April,False,Herfs,Laag,Goed,47.68161769381514,774.8299999999999,47.68161769381514,2025-04
T00360,2024-10-04,Paarl,K0125,Toestelle,Stoof,9806.38,6322.83,1,0.4006587188561249,0.3591609077213706,-0.4123517295081363,9806.38,9.190890442474824,False,False,False,False,False,False,True,False,False,2024,10,4,4,35.52330217674615,3483.5499999999993,October,False,Lente,Medium,Goed,55.0947914146039,3433.5499999999993,55.0947914146039,2024-10
T00361,2025-06-01,Worcester,K0118,Meubels,Eetstel,12628.58,8710.26,1,0.5350792796483023,0.5177431311126521,-0.4123517295081363,12628.58,9.443796960634836,False,False,True,False,False,False,False,False,False,2025,6,2,6,31.027399755158534,3918.3199999999997,June,True,Winter,Medium,Goed,44.98510951452654,3868.3199999999997,44.98510951452654,2025-06
T00362,2025-07-02,Stellenbosch,K0055,Toestelle,Wasmajien,7707.2,5336.45,3,0.3006753892537854,0.2936417789893483,3.146503737778303,23121.6,10.048565773210932,False,False,False,False,False,False,False,True,False,2025,7,3,2,30.76019825617604,2370.75,July,False,Winter,Hoog,Goed,44.4256012892466,2320.75,44.4256012892466,2025-07
T00363,2025-11-19,Paarl,K0148,Toestelle,Stoof,11367.74,7898.84,1,0.4750258391163736,0.4638455141336606,-0.4123517295081363,11367.74,9.338622762661869,False,False,False,False,False,False,True,False,False,2025,11,4,2,30.51530031475033,3468.8999999999996,November,False,Lente,Medium,Goed,43.916575092038826,3418.8999999999996,43.916575092038826,2025-11
T00364,2024-11-11,Worcester,K0196,Toestelle,Stoof,7579.81,4915.76,2,0.2946078408024653,0.2656979416586293,1.3670760041350831,15159.62,9.626456555457723,False,False,False,False,False,False,True,False,False,2024,11,4,0,35.146659348981046,2664.05,November,False,Lente,Hoog,Goed,54.19406154897717,2614.05,54.19406154897717,2024-11
T00366,2025-09-25,Paarl,K0177,Meubels,Kas,5811.32,4014.97,1,0.2103751792067748,0.2058640277810989,-0.4123517295081363,5811.32,8.667735081674167,False,False,False,True,False,False,False,False,False,2025,9,3,3,30.91122154691189,1796.35,September,False,Lente,Medium,Goed,44.74130566355415,1746.35,44.74130566355415,2025-09
T00367,2024-11-13,Worcester,K0071,Toestelle,Wasmajien,7083.59,4688.66,2,0.2709730272965854,0.2506130918694585,1.3670760041350831,14167.18,9.558753884068585,False,False,False,False,False,False,False,True,False,2024,11,4,2,33.809551371550306,2394.9300000000003,November,False,Lente,Medium,Goed,51.07919960073881,2344.9300000000003,51.07919960073881,2024-11
T00368,2024-10-04,Worcester,K0171,Toestelle,Stoof,10469.54,6969.64,1,0.4322448357489534,0.4021244994965074,-0.4123517295081363,10469.54,9.256320878465822,False,False,False,False,False,False,True,False,False,2024,10,4,4,33.42935792785548,3499.9000000000005,October,False,Lente,Medium,Goed,50.21636698595624,3449.9000000000005,50.21636698595624,2024-10
T00369,2024-12-17,Stellenbosch,K0194,Toestelle,Stoof,8215.59,5400.35,1,0.3248898563011722,0.2978862611625231,-0.4123517295081363,8215.59,9.013910560130393,False,False,False,False,False,False,True,False,False,2024,12,4,1,34.2670459455742,2815.24,December,False,Somer,Medium,Goed,52.1306952327164,2765.24,52.1306952327164,2024-12
T00370,2025-02-25,Paarl,K0123,Meubels,Eetstel,13719.36,9562.9,1,0.5870328121055666,0.5743787380005366,-0.4123517295081363,13719.36,9.526636140002694,False,False,True,False,False,False,False,False,False,2025,2,1,1,30.296311198190008,4156.460000000001,February,False,Somer,Medium,Goed,43.46443024605508,4106.460000000001,43.46443024605508,2025-02
T00371,2024-09-18,Stellenbosch,K0003,Meubels,Lessenaar,3487.9,2289.04,1,0.0997113639719365,0.0912211620980362,-0.4123517295081363,3487.9,8.15734177926843,False,False,False,False,True,False,False,False,False,2024,9,3,2,34.37197167349982,1198.8600000000001,September,False,Lente,Laag,Goed,52.373920945025,1148.8600000000001,52.373920945025,2024-09
T00372,2024-07-09,Worcester,K0109,Toestelle,Yskas,5690.29,3603.12,3,0.2046105556957986,0.1785073770295798,3.146503737778303,17070.87,9.74518735870467,False,False,False,False,False,False,False,False,True,2024,7,3,1,36.67950139623816,2087.17,July,False,Winter,Hoog,Goed,57.92674126867826,2037.17,57.92674126867826,2024-07
T00373,2024-11-13,Paarl,K0188,Meubels,Bank,8775.1,5756.95,1,0.3515391540011336,0.3215729957940436,-0.4123517295081363,8775.1,9.079787396603,False,False,False,False,False,False,False,False,False,2024,11,4,2,34.39447983498764,3018.1500000000005,November,False,Lente,Medium,Goed,52.42619789992966,2968.1500000000005,52.42619789992966,2024-11
T00374,2024-10-13,Stellenbosch,K0036,Toestelle,Stoof,6168.86,4093.52,2,0.2274047048625168,0.2110816189345087,1.3670760041350831,12337.72,9.420497564364538,False,False,False,False,False,False,True,False,False,2024,10,4,6,33.642196451208164,2075.3399999999997,October,True,Lente,Medium,Goed,50.69817663038167,2025.3399999999997,50.69817663038167,2024-10
T00375,2025-07-27,Stellenbosch,K0003,Meubels,Eetstel,14221.23,10111.75,1,0.6109367334593933,0.6108354522532288,-0.4123517295081363,14221.23,9.562561512440386,False,False,True,False,False,False,False,False,False,2025,7,3,6,28.89679725312086,4109.48,July,True,Winter,Medium,Gemiddeld,40.64064083862832,4059.4799999999996,40.64064083862832,2025-07
T00376,2024-12-16,Paarl,K0039,Toestelle,Wasmajien,4745.29,3238.13,1,0.1596004820126409,0.154263346538389,-0.4123517295081363,4745.29,8.465118539216583,False,False,False,False,False,False,False,True,False,2024,12,4,0,31.761177925901258,1507.1599999999999,December,False,Somer,Laag,Goed,46.544147393711796,1457.1599999999999,46.544147393711796,2024-12
T00377,2025-08-26,Worcester,K0026,Toestelle,Wasmajien,2954.67,2020.88,1,0.0743137749877353,0.0734089502113606,-0.4123517295081363,2954.67,7.9914806384884125,False,False,False,False,False,False,False,True,False,2025,8,3,1,31.603867775419925,933.79,August,False,Winter,Laag,Goed,46.207097897945445,883.79,46.207097897945445,2025-08
T00378,2024-11-21,Stellenbosch,K0081,Toestelle,Stoof,8402.27,5638.43,3,0.3337813701161689,0.3137004445082113,3.146503737778303,25206.81,10.134909146118956,False,False,False,False,False,False,True,False,False,2024,11,4,3,32.89396793961632,2763.84,November,False,Lente,Hoog,Goed,49.017900372976165,2713.84,49.017900372976165,2024-11
T00379,2024-11-21,Stellenbosch,K0154,Toestelle,Yskas,12697.91,8698.47,1,0.5383814472762952,0.5169599942609817,-0.4123517295081363,12697.91,9.4492714419917,False,False,False,False,False,False,False,False,True,2024,11,4,3,31.49683688103003,3999.4400000000005,November,False,Lente,Medium,Goed,45.978660615027714,3949.4400000000005,45.978660615027714,2024-11
T00380,2025-04-18,Worcester,K0156,Meubels,Bed,10253.13,6956.32,1,0.4219372907269722,0.4012397341984371,-0.4123517295081363,10253.13,9.235435830242606,True,False,False,False,False,False,False,False,False,2025,4,2,4,32.154181211005806,3296.8099999999995,April,False,Herfs,Medium,Goed,47.39301814752627,3246.8099999999995,47.39301814752627,2025-04
T00381,2025-12-04,Stellenbosch,K0062,Toestelle,Stoof,8016.0,5873.3,1,0.3153834429610436,0.3293014073879231,-0.4123517295081363,8016.0,8.989319566042951,False,False,False,False,False,False,True,False,False,2025,12,4,3,26.730289421157682,2142.7,December,False,Somer,Medium,Gemiddeld,36.482045868591754,2092.7,36.482045868591754,2025-12
T00382,2025-11-19,Paarl,K0153,Meubels,Bank,9233.69,6392.92,1,0.3733816616099794,0.3638165533476277,-0.4123517295081363,9233.69,9.1307223241219,False,False,False,False,False,False,False,False,False,2025,11,4,2,30.765273687983896,2840.7700000000004,November,False,Lente,Medium,Goed,44.436188783842134,2790.7700000000004,44.436188783842134,2025-11
T00383,2024-09-11,Worcester,K0034,Meubels,Bed,13146.72,8875.28,2,0.559758136344801,0.5287043900831891,1.3670760041350831,26293.44,10.177112788972172,True,False,False,False,False,False,False,False,False,2024,9,3,2,32.49053756374213,4271.439999999999,September,False,Lente,Hoog,Goed,48.12738302340882,4221.439999999999,48.12738302340882,2024-09
T00384,2025-08-01,Worcester,K0045,Toestelle,Stoof,8606.59,5943.34,1,0.3435130719732511,0.3339537318231214,-0.4123517295081363,8606.59,9.060399651155691,False,False,False,False,False,False,True,False,False,2025,8,3,4,30.944311277753446,2663.25,August,False,Winter,Medium,Goed,44.8106620183264,2613.25,44.8106620183264,2025-08
T00385,2025-10-26,Stellenbosch,K0068,Meubels,Lessenaar,4698.08,3383.22,1,0.157351883516787,0.1639007787528794,-0.4123517295081363,4698.08,8.45512202385681,False,False,False,False,True,False,False,False,False,2025,10,4,6,27.987177740694076,1314.8600000000001,October,True,Lente,Laag,Gemiddeld,38.864158996459004,1264.8600000000001,38.864158996459004,2025-10
T00386,2025-02-06,Stellenbosch,K0161,Meubels,Kas,5783.46,3988.24,1,0.2090482155530047,0.2040885190410525,-0.4123517295081363,5783.46,8.662930290413485,False,False,False,True,False,False,False,False,False,2025,2,1,3,31.040588160028776,1795.2200000000003,February,False,Somer,Medium,Goed,45.01283774296432,1745.2200000000003,45.01283774296432,2025-02
T00387,2025-11-26,Paarl,K0138,Toestelle,Mikrogolf,2483.62,1762.45,1,0.0518778012221782,0.0562430421047317,-0.4123517295081363,2483.62,7.817875009332625,False,False,False,False,False,True,False,False,False,2025,11,4,2,29.037050756556955,721.1699999999998,November,False,Lente,Laag,Gemiddeld,40.91860762007432,671.1699999999998,40.91860762007432,2025-11
T00388,2024-12-04,Paarl,K0053,Meubels,Bed,6913.15,4748.06,1,0.2628550199330326,0.2545586668473395,-0.4123517295081363,6913.15,8.841325315357603,True,False,False,False,False,False,False,False,False,2024,12,4,2,31.31842937011347,2165.0899999999992,December,False,Somer,Medium,Goed,45.599465887120196,2115.0899999999992,45.599465887120196,2024-12
T00389,2024-12-07,Worcester,K0196,Toestelle,Mikrogolf,2372.51,1585.95,1,0.0465856644106062,0.0445192376670891,-0.4123517295081363,2372.51,7.772125151169773,False,False,False,False,False,True,False,False,False,2024,12,4,5,33.15307417039339,786.5600000000002,December,True,Somer,Laag,Goed,49.59551057725654,736.5600000000002,49.59551057725654,2024-12
T00391,2025-09-18,Stellenbosch,K0080,Toestelle,Droër,7995.3,5742.5,1,0.3143975080136983,0.320613171578044,-0.4123517295081363,7995.3,8.98673421367586,False,True,False,False,False,False,False,False,False,2025,9,3,3,28.176553725313624,2252.8,September,False,Lente,Medium,Gemiddeld,39.23030039181541,2202.8,39.23030039181541,2025-09
T00392,2024-12-27,Stellenbosch,K0042,Meubels,Bank,6816.52,4650.01,1,0.2582525612875262,0.2480458111809889,-0.4123517295081363,6816.52,8.827251048342136,False,False,False,False,False,False,False,False,False,2024,12,4,4,31.78322663177105,2166.51,December,False,Somer,Medium,Goed,46.59151270642429,2116.51,46.59151270642429,2024-12
T00393,2025-11-21,Paarl,K0192,Toestelle,Wasmajien,4888.73,3453.7,1,0.1664324872709606,0.1685823296693953,-0.4123517295081363,4888.73,8.494892366220602,False,False,False,False,False,False,False,True,False,2025,11,4,4,29.353840363448175,1435.0299999999997,November,False,Lente,Laag,Gemiddeld,41.55051104612444,1385.0299999999997,41.55051104612444,2025-11
T00394,2025-04-02,Worcester,K0110,Meubels,Eetstel,12666.55,8722.83,1,0.5368877796459207,0.5185780785448401,-0.4123517295081363,12666.55,9.446798884451018,False,False,True,False,False,False,False,False,False,2025,4,2,2,31.13491834793215,3943.7199999999993,April,False,Herfs,Medium,Goed,45.21147379921424,3893.7199999999993,45.21147379921424,2025-04
T00395,2025-04-05,Worcester,K0148,Meubels,Bed,9871.36,6948.61,1,0.4037536972560526,0.4007276065371667,-0.4123517295081363,9871.36,9.19749421225499,True,False,False,False,False,False,False,False,False,2025,4,2,5,29.608382228993786,2922.750000000001,April,True,Herfs,Medium,Gemiddeld,42.06236930839407,2872.750000000001,42.06236930839407,2025-04
T00396,2024-09-17,Paarl,K0128,Toestelle,Droër,8025.87,5368.49,1,0.3158535481750678,0.2957699982198415,-0.4123517295081363,8025.87,8.990549942659706,False,True,False,False,False,False,False,False,False,2024,9,3,1,33.11017995556868,2657.38,September,False,Lente,Medium,Goed,49.49957995637507,2607.38,49.49957995637507,2024-09
T00397,2024-12-18,Paarl,K0147,Meubels,Bed,9443.34,6503.22,1,0.3833672298085762,0.3711431008233896,-0.4123517295081363,9443.34,9.153170899251556,True,False,False,False,False,False,False,False,False,2024,12,4,2,31.134323237329163,2940.12,December,False,Somer,Medium,Goed,45.21021893769548,2890.12,45.21021893769548,2024-12
T00398,2024-10-27,Stellenbosch,K0004,Meubels,Eetstel,11612.84,7867.73,2,0.4866998804494339,0.4617790690568614,1.3670760041350831,23225.68,10.053056896910922,False,False,True,False,False,False,False,False,False,2024,10,4,6,32.24973391521799,3745.1100000000006,October,True,Lente,Hoog,Goed,47.600896319522924,3695.1100000000006,47.600896319522924,2024-10
T00399,2025-03-08,Stellenbosch,K0039,Toestelle,Stoof,7555.86,5100.22,1,0.293467109305416,0.2779504797128366,-0.4123517295081363,7555.86,8.93021103897906,False,False,False,False,False,False,True,False,False,2025,3,1,5,32.49980809596789,2455.6399999999994,March,True,Herfs,Medium,Goed,48.147726960797755,2405.6399999999994,48.147726960797755,2025-03
T00400,2024-12-31,Stellenbosch,K0107,Toestelle,Wasmajien,7734.06,5258.52,1,0.3019547231999543,0.2884653706050679,-0.4123517295081363,7734.06,8.953518519926014,False,False,False,False,False,False,False,True,False,2024,12,4,1,32.00828542835199,2475.54,December,False,Somer,Medium,Goed,47.076744026836444,2425.54,47.076744026836444,2024-12
T00401,2025-05-24,Paarl,K0129,Meubels,Lessenaar,4259.67,2896.57,1,0.136470543407334,0.1315756261773622,-0.4123517295081363,4259.67,8.35718170389199,False,False,False,False,True,False,False,False,False,2025,5,2,5,32.00013146558301,1363.1,May,True,Herfs,Laag,Goed,47.059107841343376,1313.1,47.059107841343376,2025-05
T00402,2024-08-23,Stellenbosch,K0103,Meubels,Lessenaar,4125.18,2638.72,3,0.1300648240320452,0.1144482438870157,3.146503737778303,12375.54,9.423558024138767,False,False,False,False,True,False,False,False,False,2024,8,3,4,36.0338215544534,1486.4600000000005,August,False,Winter,Medium,Goed,56.33261581372789,1436.4600000000005,56.33261581372789,2024-08
T00403,2024-09-09,Paarl,K0142,Toestelle,Stoof,7850.26,5110.95,1,0.3074892952232166,0.2786632073140598,-0.4123517295081363,7850.26,8.968429307450315,False,False,False,False,False,False,True,False,False,2024,9,3,0,34.89451304797549,2739.3100000000004,September,False,Lente,Medium,Goed,53.59688511920485,2689.3100000000004,53.59688511920485,2024-09
T00404,2025-10-11,Stellenbosch,K0078,Toestelle,Wasmajien,8738.99,6293.25,1,0.3498192452596533,0.3571960910909714,-0.4123517295081363,8738.99,9.075664324484167,False,False,False,False,False,False,False,True,False,2025,10,4,5,27.986529335769923,2445.74,October,True,Lente,Medium,Gemiddeld,38.86290867198983,2395.74,38.86290867198983,2025-10
T00405,2025-03-06,Paarl,K0198,Toestelle,Droër,7211.72,5052.47,3,0.2770758217315304,0.2747787422516612,3.146503737778303,21635.16,9.982121268046244,False,True,False,False,False,False,False,False,False,2025,3,1,3,29.94084628909608,2159.25,March,False,Herfs,Hoog,Gemiddeld,42.73652292838948,2109.25,42.73652292838948,2025-03
T00406,2025-01-17,Worcester,K0105,Meubels,Bank,11226.13,7745.06,1,0.4682809962229641,0.4536308589131468,-0.4123517295081363,11226.13,9.326088449620386,False,False,False,False,False,False,False,False,False,2025,1,1,4,31.00863788322422,3481.069999999999,January,False,Somer,Medium,Goed,44.945681505372434,3431.069999999999,44.945681505372434,2025-01
T00407,2024-07-25,Stellenbosch,K0001,Toestelle,Yskas,9652.27,6304.31,3,0.3933185046177002,0.3579307385531829,3.146503737778303,28956.81,10.273595222093238,False,False,False,False,False,False,False,False,True,2024,7,3,3,34.685726777224424,3347.96,July,False,Winter,Hoog,Goed,53.105891049139395,3297.96,53.105891049139395,2024-07
T00408,2025-07-21,Worcester,K0061,Toestelle,Yskas,6497.77,4424.72,1,0.2430705919896358,0.2330811885081475,-0.4123517295081363,6497.77,8.779368207208098,False,False,False,False,False,False,False,False,True,2025,7,3,0,31.904022456935227,2073.05,July,False,Winter,Medium,Goed,46.85155218861306,2023.0500000000002,46.85155218861306,2025-07
T00409,2025-09-03,Paarl,K0024,Meubels,Bank,10693.19,7635.66,1,0.4428972198539673,0.4463640928764436,-0.4123517295081363,10693.19,9.27745588232298,False,False,False,False,False,False,False,False,False,2025,9,3,2,28.59324485957886,3057.5300000000007,September,False,Lente,Medium,Gemiddeld,40.042772988844455,3007.5300000000007,40.042772988844455,2025-09
T00410,2024-08-14,Stellenbosch,K0192,Toestelle,Stoof,10388.22,6842.73,1,0.4283715879268217,0.3936946523510046,-0.4123517295081363,10388.22,9.248524009090422,False,False,False,False,False,False,True,False,False,2024,8,3,2,34.129908685029775,3545.49,August,False,Winter,Medium,Goed,51.81396898606258,3495.49,51.81396898606258,2024-08
T00411,2024-09-25,Worcester,K0101,Meubels,Lessenaar,2943.37,1921.47,1,0.0737755592918415,0.0668057581482101,-0.4123517295081363,2943.37,7.987650151299605,False,False,False,False,True,False,False,False,False,2024,9,3,2,34.71870678847715,1021.8999999999999,September,False,Lente,Laag,Goed,53.1832399152732,971.8999999999999,53.1832399152732,2024-09
T00412,2024-09-15,Worcester,K0034,Meubels,Kas,6909.01,4569.63,1,0.2626578329435636,0.2427066644348262,-0.4123517295081363,6909.01,8.840726363938671,False,False,False,True,False,False,False,False,False,2024,9,3,6,33.859843885013916,2339.38,September,True,Lente,Medium,Goed,51.19407917052365,2289.38,51.19407917052365,2024-09
T00413,2025-02-28,Paarl,K0101,Toestelle,Stoof,4752.53,3257.59,2,0.1599453210956737,0.1555559540984826,1.3670760041350831,9505.06,9.159684768957106,False,False,False,False,False,False,True,False,False,2025,2,1,4,31.455666771172403,1494.9399999999996,February,False,Somer,Medium,Goed,45.89098075571203,1444.9399999999996,45.89098075571203,2025-02
T00414,2025-05-31,Paarl,K0052,Toestelle,Stoof,11553.62,7751.91,1,0.4838792491652894,0.4540858620882054,-0.4123517295081363,11553.62,9.354840635971266,False,False,False,False,False,False,True,False,False,2025,5,2,5,32.904925036482084,3801.710000000001,May,True,Herfs,Medium,Goed,49.042236042472126,3751.710000000001,49.042236042472126,2025-05
T00415,2024-11-17,Worcester,K0116,Meubels,Bank,10637.7,6923.2,1,0.4402542473791754,0.3990397772410733,-0.4123517295081363,10637.7,9.27225357497987,False,False,False,False,False,False,False,False,False,2024,11,4,6,34.918262406347246,3714.500000000001,November,True,Lente,Medium,Goed,53.65293505893231,3664.500000000001,53.65293505893231,2024-11
T00416,2025-10-21,Paarl,K0198,Toestelle,Yskas,9798.27,6945.37,1,0.400272441927479,0.4005123933565551,-0.4123517295081363,9798.27,9.190063172088244,False,False,False,False,False,False,False,False,True,2025,10,4,1,29.116364419433232,2852.9000000000005,October,False,Lente,Medium,Gemiddeld,41.0762853526882,2802.9000000000005,41.0762853526882,2025-10
T00417,2025-01-29,Paarl,K0031,Toestelle,Mikrogolf,2557.11,1729.44,1,0.0553781084337923,0.0540503917676973,-0.4123517295081363,2557.11,7.847023983559796,False,False,False,False,False,True,False,False,False,2025,1,1,2,32.36739913417882,827.6700000000001,January,False,Somer,Laag,Goed,47.85768803774633,777.6700000000001,47.85768803774633,2025-01
T00418,2024-10-01,Stellenbosch,K0084,Toestelle,Droër,6680.36,4547.78,1,0.2517673003005434,0.2412553039421208,-0.4123517295081363,6680.36,8.807076838622859,False,True,False,False,False,False,False,False,False,2024,10,4,1,31.923129891203466,2132.58,October,False,Lente,Medium,Goed,46.89276965904243,2082.58,46.89276965904243,2024-10
T00419,2024-11-29,Stellenbosch,K0013,Meubels,Bed,8615.6,5688.16,1,0.3439422156387382,0.3170037011353159,-0.4123517295081363,8615.6,9.061445854294629,True,False,False,False,False,False,False,False,False,2024,11,4,4,33.978364826593626,2927.4400000000005,November,False,Lente,Medium,Goed,51.465500267221756,2877.4400000000005,51.465500267221756,2024-11
T00420,2025-05-03,Paarl,K0116,Meubels,Eetstel,9869.49,6894.57,3,0.4036646297028383,0.3971380632407916,3.146503737778303,29608.47,10.295849521577116,False,False,True,False,False,False,False,False,False,2025,5,2,5,30.142590954547803,2974.92,May,True,Herfs,Hoog,Goed,43.148738790091336,2924.92,43.148738790091336,2025-05
T00421,2025-03-13,Stellenbosch,K0036,Toestelle,Yskas,9341.73,6181.75,1,0.3785275752192157,0.3497898350297976,-0.4123517295081363,9341.73,9.142353779734687,False,False,False,False,False,False,False,False,True,2025,3,1,3,33.82649680519561,3159.9799999999996,March,False,Herfs,Medium,Goed,51.11788732963966,3109.9799999999996,51.11788732963966,2025-03
T00422,2024-11-02,Stellenbosch,K0103,Meubels,Bank,11540.04,7668.68,1,0.4832324377360648,0.4485574074516899,-0.4123517295081363,11540.04,9.353664657318566,False,False,False,False,False,False,False,False,False,2024,11,4,5,33.547197410060974,3871.3600000000006,November,True,Lente,Medium,Goed,50.48274279276226,3821.3600000000006,50.48274279276226,2024-11
T00423,2025-07-17,Worcester,K0020,Meubels,Lessenaar,3960.24,2835.26,1,0.1222087800602992,0.1275031817010343,-0.4123517295081363,3960.24,8.28431238654628,False,False,False,False,True,False,False,False,False,2025,7,3,3,28.40686423045067,1124.9799999999996,July,False,Winter,Laag,Gemiddeld,39.67819529778572,1074.9799999999996,39.67819529778572,2025-07
T00424,2024-07-23,Stellenbosch,K0024,Meubels,Kas,4832.54,3061.07,1,0.1637561740008478,0.1425023447608875,-0.4123517295081363,4832.54,8.483334397447122,False,False,False,True,False,False,False,False,False,2024,7,3,1,36.65712027215501,1771.4699999999998,July,False,Winter,Laag,Goed,57.87094055346659,1721.4699999999998,57.87094055346659,2024-07
T00425,2025-06-05,Stellenbosch,K0147,Meubels,Kas,6293.77,4417.06,1,0.2333541316389858,0.2325723820379359,-0.4123517295081363,6293.77,8.747474408876883,False,False,False,True,False,False,False,False,False,2025,6,2,3,29.818534836830707,1876.71,June,False,Winter,Medium,Gemiddeld,42.48776335390508,1826.71,42.48776335390508,2025-06
T00426,2025-09-17,Worcester,K0175,Toestelle,Mikrogolf,2010.81,1412.15,1,0.029357999171243,0.0329747775466228,-0.4123517295081363,2010.81,7.606790093360913,False,False,False,False,False,True,False,False,False,2025,9,3,2,29.772081897344844,598.6599999999999,September,False,Lente,Laag,Gemiddeld,42.39351343695782,548.6599999999999,42.39351343695782,2025-09
T00427,2025-09-10,Stellenbosch,K0071,Toestelle,Wasmajien,8543.73,6118.92,2,0.3405190685534381,0.3456164263452816,1.3670760041350831,17087.46,9.746158660873254,False,False,False,False,False,False,False,True,False,2025,9,3,2,28.381163730595414,2424.8099999999995,September,False,Lente,Hoog,Gemiddeld,39.62807162048204,2374.8099999999995,39.62807162048204,2025-09
T00428,2025-04-13,Paarl,K0158,Meubels,Eetstel,16417.79,11567.32,1,0.7155582439879402,0.7075199736430277,-0.4123517295081363,16417.79,9.706181689669938,False,False,True,False,False,False,False,False,False,2025,4,2,6,29.543988563625195,4850.470000000001,April,True,Herfs,Hoog,Gemiddeld,41.93253061210376,4800.470000000001,41.93253061210376,2025-04
T00429,2025-03-09,Worcester,K0141,Toestelle,Mikrogolf,2628.01,1779.4,1,0.0587550547027191,0.0573689258736725,-0.4123517295081363,2628.01,7.8743626284503,False,False,False,False,False,True,False,False,False,2025,3,1,6,32.290973017606476,848.6100000000001,March,True,Herfs,Laag,Goed,47.69079464988199,798.6100000000001,47.69079464988199,2025-03
T00430,2025-11-03,Stellenbosch,K0108,Meubels,Bed,9965.38,5045.4,1,0.4082318423647197,0.2743091258359438,-0.4123517295081363,9965.38,9.206972707755211,True,False,False,False,False,False,False,False,False,2025,11,4,0,49.370721437617036,4919.98,November,False,Lente,Medium,Goed,97.51417132437467,4869.98,97.51417132437467,2025-11
T00431,2025-01-21,Worcester,K0098,Meubels,Lessenaar,2659.13,1788.47,1,0.0602372912032693,0.0579713899317428,-0.4123517295081363,2659.13,7.886130272761989,False,False,False,False,True,False,False,False,False,2025,1,1,1,32.74228789115237,870.6600000000001,January,False,Somer,Laag,Goed,48.68183419347264,820.6600000000001,48.68183419347264,2025-01
T00432,2025-07-03,Paarl,K0129,Toestelle,Stoof,6196.76,5045.4,2,0.228733573704591,0.2743091258359438,1.3670760041350831,12393.52,9.42500971842699,False,False,False,False,False,False,True,False,False,2025,7,3,3,18.580032145831055,1151.3600000000006,July,False,Winter,Medium,Swak,22.819994450390467,1101.3600000000006,22.819994450390467,2025-07
T00433,2025-05-26,Paarl,K0153,Toestelle,Wasmajien,7776.49,5486.91,1,0.3039756516934742,0.3036359071235562,-0.4123517295081363,7776.49,8.958988943010759,False,False,False,False,False,False,False,True,False,2025,5,2,0,29.44233195181888,2289.58,May,False,Herfs,Medium,Gemiddeld,41.728040007946184,2239.58,41.728040007946184,2025-05
T00434,2025-02-10,Stellenbosch,K0121,Toestelle,Yskas,7548.51,5080.87,1,0.293117030954547,0.2766651787730723,-0.4123517295081363,7548.51,8.92923793947468,False,False,False,False,False,False,False,False,True,2025,2,1,0,32.69042499778102,2467.6400000000003,February,False,Somer,Medium,Goed,48.56727292766791,2417.6400000000003,48.56727292766791,2025-02
T00435,2025-12-25,Paarl,K0169,Meubels,Bank,10471.21,7587.05,1,0.4323243773606474,0.4431352309290567,-0.4123517295081363,10471.21,9.256480360864604,False,False,False,False,False,False,False,False,False,2025,12,4,3,27.543712713239437,2884.159999999999,December,False,Somer,Medium,Gemiddeld,38.01424796198785,2834.159999999999,38.01424796198785,2025-12
T00436,2025-03-04,Paarl,K0100,Meubels,Bank,8483.35,5827.08,1,0.3376431868084762,0.3262312983731478,-0.4123517295081363,8483.35,9.045978568959056,False,False,False,False,False,False,False,False,False,2025,3,1,1,31.311569132477153,2656.2700000000004,March,False,Herfs,Medium,Goed,45.58492418157981,2606.2700000000004,45.58492418157981,2025-03
T00437,2025-06-29,Stellenbosch,K0189,Meubels,Bank,9560.32,6597.78,1,0.3889389530037675,0.3774241373538344,-0.4123517295081363,9560.32,9.165481071827736,False,False,False,False,False,False,False,False,False,2025,6,2,6,30.98787488284911,2962.54,June,True,Winter,Medium,Goed,44.90207312156513,2912.54,44.90207312156513,2025-06
T00438,2025-07-03,Worcester,K0145,Meubels,Bed,10107.28,7051.09,2,0.4149904978733336,0.4075347197313289,1.3670760041350831,20214.56,9.914207883892509,True,False,False,False,False,False,False,False,False,2025,7,3,3,30.23751197156901,3056.1900000000005,July,False,Winter,Hoog,Goed,43.343511428729464,3006.1900000000005,43.343511428729464,2025-07
T00439,2024-11-23,Worcester,K0045,Meubels,Kas,6739.98,4423.13,1,0.2546069834677285,0.232975574632477,-0.4123517295081363,6739.98,8.815960593930182,False,False,False,True,False,False,False,False,False,2024,11,4,5,34.37473108228807,2316.8499999999995,November,True,Lente,Medium,Goed,52.380327957803615,2266.8499999999995,52.380327957803615,2024-11
T00440,2025-11-15,Stellenbosch,K0057,Meubels,Eetstel,15554.51,11255.63,1,0.6744404700099547,0.6868163328205413,-0.4123517295081363,15554.51,9.652170195679505,False,False,True,False,False,False,False,False,False,2025,11,4,5,27.637514778671918,4298.880000000001,November,True,Lente,Hoog,Gemiddeld,38.19315311537427,4248.880000000001,38.19315311537427,2025-11
T00441,2024-07-21,Worcester,K0158,Toestelle,Yskas,7848.72,5102.81,1,0.3074159454735107,0.2781225174096835,-0.4123517295081363,7848.72,8.968233141350499,False,False,False,False,False,False,False,False,True,2024,7,3,6,34.98544985679193,2745.91,July,True,Winter,Medium,Goed,53.81172334458856,2695.91,53.81172334458856,2024-07
T00443,2024-08-30,Stellenbosch,K0037,Meubels,Lessenaar,5649.27,3782.89,1,0.2026567850899963,0.1904483873624694,-0.4123517295081363,5649.27,8.639458610609315,False,False,False,False,True,False,False,False,False,2024,8,3,4,33.037542903773414,1866.3800000000006,August,False,Winter,Medium,Goed,49.337411344236834,1816.3800000000006,49.337411344236834,2024-08
T00444,2024-10-22,Worcester,K0170,Toestelle,Yskas,7593.65,5153.51,1,0.2952670359556663,0.2814902051433293,-0.4123517295081363,7593.65,8.935199331018712,False,False,False,False,False,False,False,False,True,2024,10,4,1,32.13395402737813,2440.1399999999994,October,False,Lente,Medium,Goed,47.34908829128108,2390.1399999999994,47.34908829128108,2024-10
T00445,2025-08-10,Worcester,K0035,Meubels,Bed,7930.02,5495.66,1,0.3112882407014903,0.3042171155588501,-0.4123517295081363,7930.02,8.978536931830234,True,False,False,False,False,False,False,False,False,2025,8,3,6,30.69803102640347,2434.3600000000006,August,True,Winter,Medium,Goed,44.29604451512649,2384.3600000000006,44.29604451512649,2025-08
T00446,2024-12-09,Worcester,K0045,Toestelle,Mikrogolf,3385.4,2275.16,1,0.094829318942811,0.0902991994601071,-0.4123517295081363,3385.4,8.127522689206714,False,False,False,False,False,True,False,False,False,2024,12,4,0,32.79494299048857,1110.2400000000002,December,False,Somer,Laag,Goed,48.79832627155894,1060.2400000000002,48.79832627155894,2024-12
T00447,2025-07-01,Stellenbosch,K0177,Meubels,Kas,7061.63,4835.03,1,0.2699270789176625,0.2603355465750548,-0.4123517295081363,7061.63,8.862572782364934,False,False,False,True,False,False,False,False,False,2025,7,3,1,31.530963814303504,2226.6000000000004,July,False,Winter,Medium,Goed,46.05142057029637,2176.6000000000004,46.05142057029637,2025-07
T00448,2025-04-28,Stellenbosch,K0147,Meubels,Eetstel,13312.6,9015.45,2,0.5676589522416923,0.5380150170974916,1.3670760041350831,26625.2,10.18965097241862,False,False,True,False,False,False,False,False,False,2025,4,2,0,32.278818562865254,4297.15,April,False,Herfs,Hoog,Goed,47.664287417710696,4247.15,47.664287417710696,2025-04
T00449,2025-08-05,Worcester,K0157,Meubels,Bank,13554.52,9571.08,1,0.5791815311045806,0.57492208485776,-0.4123517295081363,13554.52,9.514549123424915,False,False,False,False,False,False,False,False,False,2025,8,3,1,29.38827785860363,3983.4400000000005,August,False,Winter,Medium,Gemiddeld,41.6195455476289,3933.4400000000005,41.6195455476289,2025-08
T00450,2025-02-12,Worcester,K0191,Meubels,Kas,3644.66,2527.79,1,0.1071777969355046,0.1070798494039126,-0.4123517295081363,3644.66,8.20129269801042,False,False,False,True,False,False,False,False,False,2025,2,1,2,30.64401068961165,1116.87,February,False,Somer,Laag,Goed,44.18365449661562,1066.87,44.18365449661562,2025-02
T00451,2024-09-18,Stellenbosch,K0023,Toestelle,Stoof,8366.02,5608.35,1,0.3320547932156245,0.3117024159672238,-0.4123517295081363,8366.02,9.032053066635756,False,False,False,False,False,False,True,False,False,2024,9,3,2,32.96274692147521,2757.67,September,False,Lente,Medium,Goed,49.17078998279351,2707.67,49.17078998279351,2024-09
T00452,2025-06-09,Paarl,K0178,Meubels,Bed,9241.34,6386.71,1,0.3737460288731287,0.363404061418122,-0.4123517295081363,9241.34,9.13155037932743,True,False,False,False,False,False,False,False,False,2025,6,2,0,30.889784381918638,2854.63,June,False,Winter,Medium,Goed,44.696408636058315,2804.63,44.696408636058315,2025-06
T00453,2024-09-08,Paarl,K0013,Toestelle,Yskas,9760.4,6300.49,1,0.3984687049006206,0.3576769995562888,-0.4123517295081363,9760.4,9.18619111174318,False,False,False,False,False,False,False,False,True,2024,9,3,6,35.44844473587148,3459.91,September,True,Lente,Medium,Goed,54.914935187580646,3409.91,54.914935187580646,2024-09
T00454,2025-07-31,Paarl,K0127,Toestelle,Wasmajien,7915.88,5464.45,2,0.310614756636009,0.3021440280999332,1.3670760041350831,15831.76,9.66983649017269,False,False,False,False,False,False,False,True,False,2025,7,3,3,30.968508870776212,2451.4300000000003,July,False,Winter,Hoog,Goed,44.861422467036945,2401.4300000000003,44.861422467036945,2025-07
T00455,2025-07-23,Paarl,K0148,Toestelle,Yskas,10667.84,7538.75,1,0.4416898067662763,0.4399269603662343,-0.4123517295081363,10667.84,9.27508262235954,False,False,False,False,False,False,False,False,True,2025,7,3,2,29.33199223085461,3129.09,July,False,Winter,Medium,Gemiddeld,41.50674846625767,3079.09,41.50674846625767,2025-07
T00456,2025-02-16,Stellenbosch,K0009,Toestelle,Yskas,9918.36,6721.13,1,0.4059922935133102,0.3856175156959489,-0.4123517295081363,9918.36,9.202243682068632,False,False,False,False,False,False,False,False,True,2025,2,1,6,32.23547038018382,3197.2300000000005,February,True,Somer,Medium,Goed,47.5698282878028,3147.2300000000005,47.5698282878028,2025-02
T00458,2025-06-16,Stellenbosch,K0141,Toestelle,Wasmajien,7311.53,5045.4,1,0.2818297428472087,0.2743091258359438,-0.4123517295081363,7311.53,8.897344594095799,False,False,False,False,False,False,False,True,False,2025,6,2,0,30.99392329649198,2266.13,June,False,Winter,Medium,Goed,44.914773853411035,2216.13,44.914773853411035,2025-06
T00459,2024-10-04,Paarl,K0168,Toestelle,Yskas,6837.89,4408.32,1,0.2592704081389644,0.2319918378408538,-0.4123517295081363,6837.89,8.830380716745903,False,False,False,False,False,False,False,False,True,2024,10,4,4,35.53098982288397,2429.5700000000006,October,False,Lente,Medium,Goed,55.11328578687574,2379.5700000000006,55.11328578687574,2024-10
T00460,2024-12-16,Worcester,K0085,Toestelle,Wasmajien,8579.73,5581.99,1,0.3422337380270822,0.3099514840410127,-0.4123517295081363,8579.73,9.057274270447856,False,False,False,False,False,False,False,True,False,2024,12,4,0,34.93979414270612,2997.74,December,False,Somer,Medium,Goed,53.70378664239814,2947.74,53.70378664239814,2024-12
T00461,2025-01-27,Stellenbosch,K0187,Toestelle,Droër,6452.53,4251.26,1,0.2409158240177563,0.2215593124868813,-0.4123517295081363,6452.53,8.77238254690471,False,True,False,False,False,False,False,False,False,2025,1,1,0,34.11483557612285,2201.2699999999995,January,False,Somer,Medium,Goed,51.77923721437878,2151.2699999999995,51.77923721437878,2025-01
T00462,2025-03-29,Worcester,K0013,Toestelle,Stoof,9726.7,6490.91,1,0.3968635837544594,0.3703254235847076,-0.4123517295081363,9726.7,9.182732764914633,False,False,False,False,False,False,True,False,False,2025,3,1,5,33.267089557609474,3235.790000000001,March,True,Herfs,Medium,Goed,49.851099460630344,3185.790000000001,49.851099460630344,2025-03
T00463,2025-08-07,Worcester,K0001,Toestelle,Wasmajien,8407.43,6045.57,1,0.3340271394073912,0.3407442390619893,-0.4123517295081363,8407.43,9.036990053018837,False,False,False,False,False,False,False,True,False,2025,8,3,3,28.092532438569222,2361.8600000000006,August,False,Winter,Medium,Gemiddeld,39.06761479893543,2311.8600000000006,39.06761479893543,2025-08
T00464,2025-09-11,Stellenbosch,K0025,Toestelle,Droër,5880.75,4120.01,1,0.2136821098055279,0.2128411859574728,-0.4123517295081363,5880.75,8.679609615660528,False,True,False,False,False,False,False,False,False,2025,9,3,3,29.940738851336985,1760.7399999999998,September,False,Lente,Medium,Gemiddeld,42.73630403809699,1710.7399999999998,42.73630403809699,2025-09
T00465,2024-07-27,Stellenbosch,K0122,Meubels,Bed,7131.01,4755.82,3,0.2732316280310355,0.2550741156996686,3.146503737778303,21393.03,9.970867190127407,True,False,False,False,False,False,False,False,False,2024,7,3,5,33.30790449038776,2375.1900000000005,July,True,Winter,Hoog,Goed,49.9428069186807,2325.1900000000005,49.9428069186807,2024-07
T00466,2024-10-27,Paarl,K0170,Toestelle,Mikrogolf,2345.41,1533.47,1,0.0452948993346129,0.0410333155317492,-0.4123517295081363,2345.41,7.760641779502097,False,False,False,False,False,True,False,False,False,2024,10,4,6,34.618254377699415,811.9399999999998,October,True,Lente,Laag,Goed,52.947889427246686,761.9399999999998,52.947889427246686,2024-10
T00467,2025-03-29,Stellenbosch,K0098,Toestelle,Wasmajien,8883.63,6205.19,1,0.3567084061670945,0.3513468093981735,-0.4123517295081363,8883.63,9.09207809650274,False,False,False,False,False,False,False,True,False,2025,3,1,5,30.150287663939174,2678.4399999999996,March,True,Herfs,Medium,Goed,43.16451228729499,2628.4399999999996,43.16451228729499,2025-03
T00468,2025-07-14,Stellenbosch,K0120,Toestelle,Yskas,7210.79,5076.79,1,0.2770315261034612,0.2763941695826724,-0.4123517295081363,7210.79,8.883472465762827,False,False,False,False,False,False,False,False,True,2025,7,3,0,29.594538185136443,2134.0,July,False,Winter,Medium,Gemiddeld,42.03443514504244,2084.0,42.03443514504244,2025-07
T00469,2025-03-27,Stellenbosch,K0193,Toestelle,Droër,8236.37,5669.6,1,0.3258796016251257,0.3157708750142811,-0.4123517295081363,8236.37,9.016436397199133,False,True,False,False,False,False,False,False,False,2025,3,1,3,31.16385009415556,2566.7700000000004,March,False,Herfs,Medium,Goed,45.27250599689573,2516.7700000000004,45.27250599689573,2025-03
T00470,2024-10-08,Stellenbosch,K0194,Toestelle,Droër,6735.87,4422.98,1,0.2544112253694874,0.2329656110593005,-0.4123517295081363,6735.87,8.815350704351742,False,True,False,False,False,False,False,False,False,2024,10,4,1,34.336915647125025,2312.8900000000003,October,False,Lente,Medium,Goed,52.292571976359845,2262.8900000000003,52.292571976359845,2024-10
T00471,2025-02-18,Worcester,K0108,Meubels,Kas,6400.58,4402.98,1,0.2384414607078727,0.2316371346357716,-0.4123517295081363,6400.58,8.764300113879145,False,False,False,True,False,False,False,False,False,2025,2,1,1,31.209671623509127,1997.6000000000004,February,False,Somer,Medium,Goed,45.3692726289922,1947.6000000000004,45.3692726289922,2025-02
T00472,2025-12-31,Worcester,K0122,Toestelle,Droër,7567.56,5563.18,2,0.2940243768843503,0.3087020519646838,1.3670760041350831,15135.12,9.624839219378623,False,True,False,False,False,False,False,False,False,2025,12,4,2,26.486476486476484,2004.38,December,False,Somer,Hoog,Gemiddeld,36.02939326068903,1954.38,36.02939326068903,2025-12
T00473,2025-05-03,Stellenbosch,K0133,Toestelle,Yskas,9164.57,6152.41,1,0.3700894962205827,0.3478409601164808,-0.4123517295081363,9164.57,9.123209351465915,False,False,False,False,False,False,False,False,True,2025,5,2,5,32.86744495377306,3012.16,May,True,Herfs,Medium,Goed,48.959025812649024,2962.16,48.959025812649024,2025-05
T00474,2024-11-28,Stellenbosch,K0043,Toestelle,Wasmajien,8598.22,5619.83,2,0.3431144113206288,0.3124649614343294,1.3670760041350831,17196.44,9.752515814514885,False,False,False,False,False,False,False,True,False,2024,11,4,3,34.639611454463825,2978.3899999999994,November,False,Lente,Hoog,Goed,52.99786648350572,2928.3899999999994,52.99786648350572,2024-11
T00475,2025-02-02,Stellenbosch,K0175,Meubels,Eetstel,13448.13,9118.2,1,0.5741142065128862,0.5448400647233713,-0.4123517295081363,13448.13,9.506669698923014,False,False,True,False,False,False,False,False,False,2025,2,1,6,32.19726460110066,4329.9299999999985,February,True,Somer,Medium,Goed,47.48667500164504,4279.9299999999985,47.48667500164504,2025-02
T00476,2025-09-19,Stellenbosch,K0187,Meubels,Lessenaar,5909.35,4132.67,1,0.2150443194429229,0.2136821115335666,-0.4123517295081363,5909.35,8.684460330304818,False,False,False,False,True,False,False,False,False,2025,9,3,4,30.065574047907134,1776.6800000000003,September,False,Lente,Medium,Goed,42.991092925396906,1726.6800000000003,42.991092925396906,2025-09
T00477,2024-09-07,Stellenbosch,K0084,Toestelle,Droër,5965.4,3942.67,1,0.2177139645539715,0.2010615855100419,-0.4123517295081363,5965.4,8.693899009424557,False,True,False,False,False,False,False,False,False,2024,9,3,5,33.907701076206116,2022.7299999999996,September,True,Lente,Medium,Goed,51.30355824859802,1972.7299999999996,51.30355824859802,2024-09
T00478,2025-04-09,Worcester,K0160,Toestelle,Yskas,11906.77,8042.98,1,0.5006996804046621,0.4734198437180335,-0.4123517295081363,11906.77,9.384946407202746,False,False,False,False,False,False,False,False,True,2025,4,2,2,32.450362272891816,3863.790000000001,April,False,Herfs,Medium,Goed,48.03928394699478,3813.790000000001,48.03928394699478,2025-04
T00479,2025-12-18,Paarl,K0146,Meubels,Kas,5369.72,3876.54,1,0.1893419003300739,0.1966689782156435,-0.4123517295081363,5369.72,8.58871725672752,False,False,False,True,False,False,False,False,False,2025,12,4,3,27.8074089524221,1493.1800000000003,December,False,Somer,Medium,Gemiddeld,38.51836947380913,1443.1800000000003,38.51836947380913,2025-12
T00480,2024-10-11,Stellenbosch,K0089,Meubels,Bed,7436.43,4983.73,2,0.2877786933266017,0.2702127687839923,1.3670760041350831,14872.86,9.607360588821477,True,False,False,False,False,False,False,False,False,2024,10,4,4,32.98222399726751,2452.7000000000007,October,False,Lente,Medium,Goed,49.2141428207387,2402.7000000000007,49.2141428207387,2024-10
T00481,2025-08-25,Paarl,K0122,Toestelle,Mikrogolf,1997.93,1436.26,1,0.0287445285373393,0.0345762558751869,-0.4123517295081363,1997.93,7.600367316378518,False,False,False,False,False,True,False,False,False,2025,8,3,0,28.11259653741623,561.6700000000001,August,False,Winter,Laag,Gemiddeld,39.10642919805607,511.6700000000001,39.10642919805607,2025-08
T00482,2024-08-08,Stellenbosch,K0156,Toestelle,Mikrogolf,2116.1,1424.5,1,0.034372931084576,0.0337951117381519,-0.4123517295081363,2116.1,7.657802506674894,False,False,False,False,False,True,False,False,False,2024,8,3,3,32.68276546477009,691.5999999999999,August,False,Winter,Laag,Goed,48.550368550368546,641.5999999999999,48.550368550368546,2024-08
T00483,2025-08-16,Stellenbosch,K0013,Toestelle,Stoof,8437.57,5950.02,1,0.3354626987944921,0.33439744294858,-0.4123517295081363,8437.57,9.040568141955282,False,False,False,False,False,False,True,False,False,2025,8,3,5,29.481829484081313,2487.5499999999993,August,True,Winter,Medium,Gemiddeld,41.80742249605882,2437.5499999999993,41.80742249605882,2025-08
T00484,2025-10-30,Paarl,K0078,Toestelle,Yskas,9468.43,6638.77,1,0.384562259172291,0.3801468497838569,-0.4123517295081363,9468.43,9.15582399429471,False,False,False,False,False,False,False,False,True,2025,10,4,3,29.88520800174897,2829.66,October,False,Lente,Medium,Gemiddeld,42.623257018995986,2779.66,42.623257018995986,2025-10
T00485,2025-05-15,Paarl,K0059,Toestelle,Yskas,10968.64,7361.05,3,0.4560168228127247,0.42812344734318,3.146503737778303,32905.92,10.4014382489828,False,False,False,False,False,False,False,False,True,2025,5,2,3,32.890039239139945,3607.5899999999992,May,False,Herfs,Hoog,Goed,49.009176679957335,3557.5899999999992,49.009176679957335,2025-05
T00486,2024-11-15,Paarl,K0107,Toestelle,Stoof,8114.82,5411.44,1,0.3200902106661967,0.2986229013393698,-0.4123517295081363,8114.82,9.00157052228675,False,False,False,False,False,False,True,False,False,2024,11,4,4,33.31410924703198,2703.38,November,False,Lente,Medium,Goed,49.95675827506172,2653.38,49.95675827506172,2024-11
T00487,2024-09-30,Stellenbosch,K0105,Toestelle,Wasmajien,5315.92,3392.25,2,0.1867794220611279,0.1645005858581027,1.3670760041350831,10631.84,9.27170260404422,False,False,False,False,False,False,False,True,False,2024,9,3,0,36.186962933979444,1923.67,September,False,Lente,Medium,Goed,56.707789815019524,1873.67,56.707789815019524,2024-09
T00488,2025-11-09,Worcester,K0041,Toestelle,Yskas,9764.82,5045.4,1,0.398679228208218,0.2743091258359438,-0.4123517295081363,9764.82,9.18664381315951,False,False,False,False,False,False,False,False,True,2025,11,4,6,48.33084480819923,4719.42,November,True,Lente,Medium,Goed,93.5390652871923,4669.42,93.5390652871923,2025-11
T00489,2024-09-06,Paarl,K0135,Toestelle,Wasmajien,7249.68,4737.44,1,0.2788838454320729,0.2538532458664455,-0.4123517295081363,7249.68,8.888850536553871,False,False,False,False,False,False,False,True,False,2024,9,3,4,34.653115723728504,2512.2400000000007,September,False,Lente,Medium,Goed,53.029484278428875,2462.2400000000007,53.029484278428875,2024-09
T00490,2024-07-30,Stellenbosch,K0064,Meubels,Bank,13231.13,8593.52,1,0.5637785599634204,0.5099888142285138,-0.4123517295081363,13231.13,9.490403241882683,False,False,False,False,False,False,False,False,False,2024,7,3,1,35.0507477441458,4637.609999999999,July,False,Winter,Medium,Goed,53.966360699689986,4587.609999999999,53.966360699689986,2024-07
T00491,2024-08-03,Paarl,K0071,Meubels,Bed,6724.52,4472.27,1,0.2538706281882136,0.2362396412050875,-0.4123517295081363,6724.52,8.813664524900812,True,False,False,False,False,False,False,False,False,2024,8,3,5,33.493096905057904,2252.25,August,True,Winter,Medium,Goed,50.3603315542219,2202.25,50.3603315542219,2024-08
T00492,2025-07-13,Paarl,K0062,Toestelle,Yskas,7938.01,5629.71,1,0.3116688020652241,0.3131212287875526,-0.4123517295081363,7938.01,8.979543861328803,False,False,False,False,False,False,False,False,True,2025,7,3,6,29.079076493982754,2308.3,July,True,Winter,Medium,Gemiddeld,41.00211200932197,2258.3,41.00211200932197,2025-07
T00493,2025-07-17,Paarl,K0122,Toestelle,Wasmajien,6043.92,4317.49,3,0.2214538491948198,0.2259585621633972,3.146503737778303,18131.76,9.805475526029015,False,False,False,False,False,False,False,True,False,2025,7,3,3,28.56473944062794,1726.4300000000003,July,False,Winter,Hoog,Gemiddeld,39.98689053130408,1676.4300000000003,39.98689053130408,2025-07
T00494,2025-06-24,Paarl,K0177,Meubels,Bed,10378.03,6994.94,1,0.4278862412063652,0.4038050221722714,-0.4123517295081363,10378.03,9.247542703412986,True,False,False,False,False,False,False,False,False,2025,6,2,1,32.59857603032561,3383.090000000001,June,False,Winter,Medium,Goed,48.36481799700928,3333.090000000001,48.36481799700928,2025-06
T00496,2025-02-05,Stellenbosch,K0105,Meubels,Bank,10573.13,7306.74,1,0.4371787971593642,0.4245159696150872,-0.4123517295081363,10573.13,9.26616573102661,False,False,False,False,False,False,False,False,False,2025,2,1,2,30.893311630520003,3266.3899999999994,February,False,Somer,Medium,Goed,44.70379403126428,3216.3899999999994,44.70379403126428,2025-02
T00497,2025-12-08,Stellenbosch,K0166,Meubels,Kas,5171.67,3760.62,2,0.1799088367396512,0.18896912886487,1.3670760041350831,10343.34,9.24419478920772,False,False,False,True,False,False,False,False,False,2025,12,4,0,27.284223471335185,1411.0500000000002,December,False,Somer,Medium,Gemiddeld,37.521738436747135,1361.0500000000002,37.521738436747135,2025-12
T00498,2024-12-25,Worcester,K0079,Meubels,Bank,13582.33,9072.53,1,0.5805061132729706,0.5418064888102431,-0.4123517295081363,13582.33,9.516598584602097,False,False,False,False,False,False,False,False,False,2024,12,4,2,33.20343416777533,4509.799999999999,December,False,Somer,Medium,Goed,49.708295260528196,4459.799999999999,49.708295260528196,2024-12
T00499,2025-04-08,Paarl,K0056,Toestelle,Stoof,11285.51,7914.99,1,0.4711092482603249,0.4649182588456602,-0.4123517295081363,11285.51,9.331363486237503,False,False,False,False,False,False,True,False,False,2025,4,2,1,29.865907699341903,3370.5200000000004,April,False,Herfs,Medium,Gemiddeld,42.58400831839334,3320.5200000000004,42.58400831839334,2025-04
T00500,2025-10-21,Paarl,K0131,Toestelle,Droër,8655.05,5999.98,1,0.3458212076036065,0.3377159770545551,-0.4123517295081363,8655.05,9.06601377740969,False,True,False,False,False,False,False,False,False,2025,10,4,1,30.676541441123966,2655.0699999999997,October,False,Lente,Medium,Goed,44.251314171047234,2605.0699999999997,44.251314171047234,2025-10
