transaksie_id,datum,winkel_naam,klient_id,produk_kategorie,produk,verkoopsprys,kosprys,hoeveelheid,verkoopsprys_genormaliseer,kosprys_genormaliseer,hoeveelheid_gestandaardiseer,totale_inkomste,log_totale_inkomste,tipe_Bed,tipe_Droër,tipe_Eetstel,tipe_Kas,tipe_Lessenaar,tipe_Mikrogolf,tipe_Stoof,tipe_Wasmajien,tipe_Yskas,jaar,maand,kwartaal,dag_van_week
T00001,2024-09-15,Stellenbosch,K0153,Meubels,Kas,6745.07,4374.17,1,0.25484941867941874,0.22972346434767824,-0.41235172950813637,6745.07,8.816715392087179,False,False,False,True,False,False,False,False,False,2024,9,3,6
T00002,2025-10-25,Paarl,K0073,Meubels,Bank,11654.34,8209.16,1,0.4886765133148848,0.48445815432113526,-0.41235172950813637,11654.34,9.363519723073534,False,False,False,False,False,False,False,False,False,2025,10,4,5
T00003,2025-10-08,Stellenbosch,K0161,Meubels,Bed,7531.69,5468.08,1,0.29231589927269436,0.30238514657080384,-0.41235172950813637,7531.69,8.927007494715543,True,False,False,False,False,False,False,False,False,2025,10,4,2
T00004,2025-01-19,Paarl,K0039,Meubels,Lessenaar,4265.86,2809.87,1,0.13676537129738559,0.12581668088136438,-0.41235172950813637,4265.86,8.358633472713018,False,False,False,False,True,False,False,False,False,2025,1,1,6
T00005,2025-03-30,Stellenbosch,K0079,Meubels,Eetstel,19737.64,13822.03,1,0.8736817287678671,0.8572864274877714,-0.41235172950813637,19737.64,9.890333414970694,False,False,True,False,False,False,False,False,False,2025,3,1,6
T00006,2025-04-22,Paarl,K0180,Meubels,Kas,7151.15,4764.12,1,0.2741908903421242,0.2556254334154332,-0.41235172950813637,7151.15,8.875168289787778,False,False,False,True,False,False,False,False,False,2025,4,2,1
T00007,2025-08-17,Paarl,K0011,Toestelle,Mikrogolf,2265.26,1615.77,1,0.041477378270374815,0.04649999601457072,-0.41235172950813637,2265.26,7.725886174635167,False,False,False,False,False,True,False,False,False,2025,8,3,6
T00008,2025-09-16,Worcester,K0024,Toestelle,Droër,7151.07,5128.09,1,0.2741870799655161,0.2798017116090241,-0.41235172950813637,7151.07,8.87515710427749,False,True,False,False,False,False,False,False,False,2025,9,3,1
T00009,2025-02-20,Worcester,K0196,Meubels,Bed,8483.92,5768.6,1,0.3376703357418089,0.3223468333107492,-0.41235172950813637,8483.92,9.046045749220815,True,False,False,False,False,False,False,False,False,2025,2,1,3
T00010,2024-12-27,Paarl,K0150,Toestelle,Stoof,5056.1,3427.0,1,0.1744042714321777,0.16680881364398426,-0.41235172950813637,5056.1,8.528548475454372,False,False,False,False,False,False,True,False,False,2024,12,4,4
T00011,2025-09-20,Worcester,K0105,Toestelle,Yskas,6974.34,4971.02,1,0.2657694817411516,0.2693685220168398,-0.41235172950813637,6974.34,8.850136351021256,False,False,False,False,False,False,False,False,True,2025,9,3,5
T00012,2025-06-07,Paarl,K0178,Meubels,Bank,12785.62,8925.94,1,0.5425590489299987,0.5320694208639879,-0.41235172950813637,12785.62,9.456154590687568,False,False,False,False,False,False,False,False,False,2025,6,2,5
T00013,2025-11-20,Paarl,K0023,Toestelle,Droër,8258.78,5981.3,1,0.32694698337246914,0.33647518007497923,-0.41235172950813637,8258.78,9.019153231777755,False,True,False,False,False,False,False,False,False,2025,11,4,3
T00014,2025-05-19,Paarl,K0104,Toestelle,Yskas,8548.45,5884.06,3,0.34074388077331597,0.33001612770378164,3.146503737778303,25645.350000000002,10.15215654027835,False,False,False,False,False,False,False,False,True,2025,5,2,0
T00015,2025-12-09,Stellenbosch,K0133,Toestelle,Mikrogolf,2227.81,1585.77,1,0.03969364572070892,0.044507281379277355,-0.41235172950813637,2227.81,7.709223089734786,False,False,False,False,False,True,False,False,False,2025,12,4,1
T00016,2025-07-06,Worcester,K0053,Toestelle,Mikrogolf,2555.46,1813.98,1,0.0552995194162503,0.059665861609954005,-0.41235172950813637,2555.46,7.846378768006097,False,False,False,False,False,True,False,False,False,2025,7,3,6
T00017,2025-03-31,Worcester,K0179,Meubels,Bed,6798.72,4580.58,1,0.2574047524922245,0.24343400527670836,-0.41235172950813637,6798.72,8.824636713845836,True,False,False,False,False,False,False,False,False,2025,3,1,0
T00018,2025-11-09,Stellenbosch,K0182,Meubels,Lessenaar,4208.31,3007.32,1,0.13402428162493513,0.1389320643726536,-0.41235172950813637,4208.31,8.345054017757159,False,False,False,False,True,False,False,False,False,2025,11,4,6
T00019,2024-12-10,Paarl,K0058,Meubels,Lessenaar,4486.5,3087.02,1,0.1472743899825199,0.1442260429204163,-0.41235172950813637,4486.5,8.409051032796535,False,False,False,False,True,False,False,False,False,2024,12,4,1
T00020,2024-10-25,Paarl,K0184,Meubels,Bank,9355.72,6037.19,1,0.37919391482855686,0.34018760744053067,-0.41235172950813637,9355.72,9.143850080707198,False,False,False,False,False,False,False,False,False,2024,10,4,4
T00022,2025-03-07,Paarl,K0154,Meubels,Kas,4168.73,2836.03,1,0.13213909779807861,0.12755432804334021,-0.41235172950813637,4168.73,8.335606564495153,False,False,False,True,False,False,False,False,False,2025,3,1,4
T00023,2025-12-03,Worcester,K0107,Meubels,Eetstel,11015.44,7681.37,1,0.4582458931284621,0.44940032574241895,-0.41235172950813637,11015.44,9.307143981513521,False,False,True,False,False,False,False,False,False,2025,12,4,2
T00024,2025-06-14,Worcester,K0077,Toestelle,Yskas,9393.72,6404.38,1,0.3810038437174034,0.36457777033830985,-0.41235172950813637,9393.72,9.147903108316697,False,False,False,False,False,False,False,False,True,2025,6,2,5
T00025,2025-11-14,Stellenbosch,K0086,Toestelle,Droër,7386.16,5382.17,1,0.2853843479254881,0.2966786760935354,-0.41235172950813637,7386.16,8.907498636966569,False,True,False,False,False,False,False,False,False,2025,11,4,4
T00026,2025-07-22,Paarl,K0062,Toestelle,Wasmajien,7257.05,5144.0,3,0.27923487637709393,0.2808585146039413,3.146503737778303,21771.15,9.988386909113308,False,False,False,False,False,False,False,True,False,2025,7,3,1
T00027,2025-07-28,Stellenbosch,K0122,Toestelle,Yskas,8768.7,6147.91,1,0.3512343238724858,0.3475420529211868,-0.41235172950813637,8768.7,9.079057877255483,False,False,False,False,False,False,False,False,True,2025,7,3,0
T00028,2025-07-26,Paarl,K0033,Meubels,Kas,5548.34,3916.09,3,0.19784951870180473,0.19929604034317203,3.146503737778303,16645.02,9.719926427795166,False,False,False,True,False,False,False,False,False,2025,7,3,5
T00029,2025-11-27,Worcester,K0113,Toestelle,Yskas,8078.72,5824.64,2,0.3183707782217925,0.32606922424947726,1.3670760041350833,16157.44,9.690197792761852,False,False,False,False,False,False,False,False,True,2025,11,4,3
T00030,2024-10-11,Worcester,K0105,Toestelle,Yskas,11114.24,7334.94,1,0.4629517082394631,0.4263891213722629,-0.41235172950813637,11114.24,9.31607241860783,False,False,False,False,False,False,False,False,True,2024,10,4,4
T00031,2024-12-06,Stellenbosch,K0178,Toestelle,Stoof,9083.35,6235.38,1,0.36622101136921126,0.3533521445594905,-0.41235172950813637,9083.35,9.11430843176547,False,False,False,False,False,False,True,False,False,2024,12,4,4
T00032,2025-08-12,Worcester,K0137,Meubels,Bed,7229.84,4924.1,2,0.2779388720332646,0.266251916327241,1.3670760041350833,14459.68,9.579188520886447,True,False,False,False,False,False,False,False,False,2025,8,3,1
T00033,2025-07-25,Paarl,K0018,Toestelle,Droër,5687.69,5045.4,1,0.2044867184560354,0.2743091258359438,-0.41235172950813637,5687.69,8.646235272142732,False,True,False,False,False,False,False,False,False,2025,7,3,4
T00034,2025-02-26,Worcester,K0112,Toestelle,Wasmajien,7917.51,5262.01,1,0.31069239305939905,0.2886971897409737,-0.41235172950813637,7917.51,8.976958335796425,False,False,False,False,False,False,False,True,False,2025,2,1,2
T00035,2024-10-09,Worcester,K0077,Meubels,Kas,7546.5,4911.38,1,0.2930212952422685,0.26540700532187655,-0.41235172950813637,7546.5,8.928971661580993,False,False,False,True,False,False,False,False,False,2024,10,4,2
T00036,2024-07-30,Stellenbosch,K0096,Toestelle,Yskas,10862.56,7245.74,1,0.45096426343038676,0.42046411652332405,-0.41235172950813637,10862.56,9.293169348241923,False,False,False,False,False,False,False,False,True,2024,7,3,1
T00037,2025-09-15,Stellenbosch,K0175,Meubels,Lessenaar,3660.78,2525.65,1,0.10794558782203637,0.10693770242659503,-0.41235172950813637,3660.78,8.205704646968844,False,False,False,False,True,False,False,False,False,2025,9,3,0
T00038,2025-01-01,Stellenbosch,K0098,Meubels,Eetstel,14072.36,9405.99,1,0.6038460988887989,0.5639561762197406,-0.41235172950813637,14072.36,9.552038927568978,False,False,True,False,False,False,False,False,False,2025,1,1,2
T00039,2025-03-04,Paarl,K0066,Meubels,Bank,10802.06,7439.08,1,0.44808266612051273,0.433306498109578,-0.41235172950813637,10802.06,9.287584706314336,False,False,False,False,False,False,False,False,False,2025,3,1,1
T00040,2025-10-14,Paarl,K0174,Meubels,Kas,5721.51,4092.75,2,0.20609755516710887,0.2110304725922029,1.3670760041350833,11443.02,9.345222601809159,False,False,False,True,False,False,False,False,False,2025,10,4,1
T00041,2024-12-09,Stellenbosch,K0077,Toestelle,Stoof,9962.55,6515.07,3,0.4080970502922082,0.37193022310433055,3.146503737778303,29887.649999999998,10.30523408865076,False,False,False,False,False,False,True,False,False,2024,12,4,0
T00042,2025-09-08,Worcester,K0051,Toestelle,Mikrogolf,3178.12,2242.34,1,0.08495663315122909,0.08811916964909625,-0.41235172950813637,3178.12,8.064359707917784,False,False,False,False,False,True,False,False,False,2025,9,3,0
T00043,2025-07-29,Paarl,K0092,Meubels,Bank,12904.09,8855.24,1,0.5482017403895157,0.5273732567068131,-0.41235172950813637,12904.09,9.465377086169465,False,False,False,False,False,False,False,False,False,2025,7,3,1
T00044,2025-04-29,Worcester,K0169,Toestelle,Yskas,7709.76,5262.29,3,0.3007973213052445,0.28871578841090306,3.146503737778303,23129.28,10.048897860642919,False,False,False,False,False,False,False,False,True,2025,4,2,1
T00045,2025-08-10,Paarl,K0200,Meubels,Lessenaar,4464.17,3123.34,2,0.14621081861178456,0.1466385561055448,1.3670760041350833,8928.34,9.09709776296451,False,False,False,False,True,False,False,False,False,2025,8,3,6
T00046,2024-08-20,Worcester,K0059,Toestelle,Stoof,11316.36,7432.44,1,0.4725786247398228,0.43286544393696635,-0.41235172950813637,11316.36,9.334093109010496,False,False,False,False,False,False,True,False,False,2024,8,3,1
T00047,2025-06-26,Stellenbosch,K0194,Meubels,Lessenaar,4587.05,3211.87,1,0.1520635570818231,0.15251905699429552,-0.41235172950813637,4587.05,8.431210376184648,False,False,False,False,True,False,False,False,False,2025,6,2,3
T00048,2024-11-18,Worcester,K0113,Meubels,Eetstel,14102.98,9381.48,1,0.6053045205355484,0.5623281283627058,-0.41235172950813637,14102.98,9.554212306039265,False,False,True,False,False,False,False,False,False,2024,11,4,0
T00049,2024-08-04,Worcester,K0076,Toestelle,Wasmajien,6670.49,4385.67,1,0.2512971950865194,0.23048733829120735,-0.41235172950813637,6670.49,8.805598502268063,False,False,False,False,False,False,False,True,False,2024,8,3,6
T00050,2025-05-31,Worcester,K0139,Toestelle,Wasmajien,7535.67,5114.21,1,0.29250546550894724,0.278879748971095,-0.41235172950813637,7535.67,8.927535718885984,False,False,False,False,False,False,False,True,False,2025,5,2,5
T00051,2025-07-10,Worcester,K0124,Toestelle,Wasmajien,5787.26,3932.32,1,0.2092292084418894,0.20037409896086575,-0.41235172950813637,5787.26,8.663587007267703,False,False,False,False,False,False,False,True,False,2025,7,3,3
T00052,2025-04-29,Worcester,K0020,Toestelle,Yskas,7996.49,5379.04,1,0.31445418736574376,0.29647076953325313,-0.41235172950813637,7996.49,8.986883021432144,False,False,False,False,False,False,False,False,True,2025,4,2,1
T00053,2024-11-22,Stellenbosch,K0102,Toestelle,Droër,7598.48,4964.91,1,0.29549708744338016,0.2689626724694517,-0.41235172950813637,7598.48,8.935835102880963,False,True,False,False,False,False,False,False,False,2024,11,4,4
T00054,2024-07-15,Paarl,K0192,Meubels,Kas,6493.13,4301.94,1,0.2428495901463661,0.22492567174410352,-0.41235172950813637,6493.13,8.77865397094102,False,False,False,True,False,False,False,False,False,2024,7,3,0
T00055,2025-03-26,Worcester,K0060,Toestelle,Stoof,8674.74,5801.78,1,0.34675903654627466,0.32455077569738366,-0.41235172950813637,8674.74,9.068285903770661,False,False,False,False,False,False,True,False,False,2025,3,1,2
T00056,2025-10-26,Stellenbosch,K0017,Toestelle,Droër,7662.37,5045.4,1,0.29854014946202245,0.2743091258359438,-0.41235172950813637,7662.37,8.944207113766666,False,True,False,False,False,False,False,False,False,2025,10,4,6
T00057,2025-10-19,Worcester,K0012,Toestelle,Mikrogolf,2148.97,1545.58,1,0.035938519573428335,0.041837708006196,-0.41235172950813637,2148.97,7.673209167535985,False,False,False,False,False,True,False,False,False,2025,10,4,6
T00058,2024-08-08,Paarl,K0138,Toestelle,Yskas,8344.68,5480.82,1,0.33103837525541435,0.3032313860525917,-0.41235172950813637,8344.68,9.029499318695851,False,False,False,False,False,False,False,False,True,2024,8,3,3
T00059,2024-11-16,Paarl,K0191,Toestelle,Stoof,9033.02,6190.12,1,0.3638238081856416,0.3503458024130446,-0.41235172950813637,9033.02,9.108752730070854,False,False,False,False,False,False,True,False,False,2024,11,4,5
T00060,2025-09-03,Worcester,K0126,Meubels,Kas,6391.58,4499.77,1,0.23801279333946168,0.23806629628743983,-0.41235172950813637,6391.58,8.762893221752657,False,False,False,True,False,False,False,False,False,2025,9,3,2
T00061,2025-08-22,Paarl,K0114,Meubels,Bed,5169.26,3699.95,1,0.1797940491443323,0.18493919563409505,-0.41235172950813637,5169.26,8.550678256373365,True,False,False,False,False,False,False,False,False,2025,8,3,4
T00062,2025-02-27,Paarl,K0166,Meubels,Bed,7158.71,4894.54,1,0.2745509709315895,0.26428842817326514,-0.41235172950813637,7158.71,8.876224756341134,True,False,False,False,False,False,False,False,False,2025,2,1,3
T00063,2025-07-03,Stellenbosch,K0032,Toestelle,Stoof,8209.69,5713.24,1,0.324608841026325,0.3186696105704212,-0.41235172950813637,8209.69,9.013192242763953,False,False,False,False,False,False,True,False,False,2025,7,3,3
T00064,2025-10-09,Stellenbosch,K0013,Meubels,Lessenaar,4904.05,3433.88,3,0.16716217439141143,0.1672658095336782,3.146503737778303,14712.150000000001,9.596496930711567,False,False,False,False,True,False,False,False,False,2025,10,4,3
T00065,2025-06-07,Stellenbosch,K0196,Meubels,Lessenaar,4757.55,3207.92,1,0.16018442222783197,0.15225668290064856,-0.41235172950813637,4757.55,8.467698278970067,False,False,False,False,True,False,False,False,False,2025,6,2,5
T00066,2025-01-29,Worcester,K0038,Meubels,Bank,11813.89,8071.98,1,0.4962758331626602,0.47534613453215036,-0.41235172950813637,11813.89,9.377115879378769,False,False,False,False,False,False,False,False,False,2025,1,1,2
T00067,2024-07-03,Paarl,K0045,Meubels,Bank,7203.07,4743.99,1,0.2766638247607798,0.25428832189515127,-0.41235172950813637,7203.07,8.882401423072626,False,False,False,False,False,False,False,False,False,2024,7,3,2
T00068,2024-10-21,Worcester,K0061,Meubels,Bank,11933.72,8117.21,1,0.501983301024515,0.47835048396396107,-0.41235172950813637,11933.72,9.387207078087174,False,False,False,False,False,False,False,False,False,2024,10,4,0
T00069,2025-05-28,Stellenbosch,K0190,Meubels,Bed,8120.46,5739.78,1,0.3203588422170676,0.320432498784444,-0.41235172950813637,8120.46,9.002265219948775,True,False,False,False,False,False,False,False,False,2025,5,2,2
T00070,2025-09-05,Worcester,K0200,Meubels,Eetstel,22389.73,15970.56,1,1.0,1.0,-0.41235172950813637,22389.73,10.016402312902308,False,False,True,False,False,False,False,False,False,2025,9,3,4
T00071,2025-07-06,Worcester,K0158,Meubels,Kas,5711.46,4060.11,1,0.20561887660571654,0.2088623990690037,-0.41235172950813637,5711.46,8.650405032989761,False,False,False,True,False,False,False,False,False,2025,7,3,6
T00072,2024-08-14,Worcester,K0008,Toestelle,Mikrogolf,2650.77,1734.43,1,0.05983910684772306,0.05438184663536777,-0.41235172950813637,2650.77,7.882982620546258,False,False,False,False,False,True,False,False,False,2024,8,3,2
T00073,2024-09-01,Paarl,K0126,Toestelle,Mikrogolf,3071.41,2052.54,1,0.07987406705310235,0.07551192838980686,-0.41235172950813637,3071.41,8.030217548903764,False,False,False,False,False,True,False,False,False,2024,9,3,6
T00074,2025-09-28,Stellenbosch,K0017,Meubels,Bed,9503.87,6608.19,1,0.3862502560096784,0.37811560933228117,-0.41235172950813637,9503.87,9.1595595778169,True,False,False,False,False,False,False,False,False,2025,9,3,6
T00075,2024-11-07,Paarl,K0136,Toestelle,Mikrogolf,3201.4,2113.61,3,0.08606545274418562,0.0795684311490524,3.146503737778303,9604.2,9.17005989747416,False,False,False,False,False,True,False,False,False,2024,11,4,3
T00076,2025-04-28,Paarl,K0030,Toestelle,Yskas,6196.3,4235.6,1,0.2287116640390945,0.2205191154472582,-0.41235172950813637,6196.3,8.731868992311576,False,False,False,False,False,False,False,False,True,2025,4,2,0
T00077,2025-02-06,Paarl,K0117,Toestelle,Wasmajien,5514.2,3835.63,1,0.19622344048429885,0.19395157969131524,-0.41235172950813637,5514.2,8.615263195762601,False,False,False,False,False,False,False,True,False,2025,2,1,3
T00078,2025-08-13,Paarl,K0171,Meubels,Bed,6867.4,4786.03,1,0.26067596081027655,0.257080779337409,-0.41235172950813637,6867.4,8.834686461439647,True,False,False,False,False,False,False,False,False,2025,8,3,2
T00079,2025-03-19,Paarl,K0022,Meubels,Kas,3674.0,2481.07,1,0.10857525255652456,0.1039765284785491,-0.41235172950813637,3674.0,8.209308411646937,False,False,False,True,False,False,False,False,False,2025,3,1,2
T00080,2024-10-04,Paarl,K0143,Meubels,Bed,8137.13,5490.05,1,0.32115282944278006,0.30384447792205027,-0.41235172950813637,8137.13,9.00431570287494,True,False,False,False,False,False,False,False,False,2024,10,4,4
T00081,2024-08-31,Worcester,K0171,Toestelle,Yskas,7161.15,4557.5,1,0.27466718741813645,0.241900943483956,-0.41235172950813637,7161.15,8.876565494209485,False,False,False,False,False,False,False,False,True,2024,8,3,5
T00082,2025-09-07,Worcester,K0091,Meubels,Bed,11099.87,7980.18,1,0.4622672693412335,0.4692484277481527,-0.41235172950813637,11099.87,9.314778762607379,True,False,False,False,False,False,False,False,False,2025,9,3,6
T00083,2024-10-15,Worcester,K0058,Meubels,Bank,10041.87,6473.78,1,0.4118750386991375,0.3691875835279551,-0.41235172950813637,10041.87,9.21461820897022,False,False,False,False,False,False,False,False,False,2024,10,4,1
T00084,2024-10-19,Paarl,K0147,Toestelle,Yskas,8355.88,5402.69,1,0.331571827980548,0.298041692904076,-0.41235172950813637,8355.88,9.030840430678525,False,False,False,False,False,False,False,False,True,2024,10,4,5
T00085,2025-02-17,Paarl,K0178,Meubels,Lessenaar,5313.52,3531.01,2,0.18666511076288506,0.17371755528454638,1.3670760041350833,10627.04,9.271251070515829,False,False,False,False,True,False,False,False,False,2025,2,1,0
T00086,2025-03-31,Stellenbosch,K0080,Meubels,Bed,5538.27,3759.95,1,0.1973698875462604,0.1889246249046818,-0.41235172950813637,5538.27,8.61961800210597,True,False,False,False,False,False,False,False,False,2025,3,1,0
T00087,2025-06-13,Paarl,K0145,Meubels,Bank,7981.29,5659.16,2,0.31373021581020516,0.31507741032119896,1.3670760041350833,15962.58,9.678065156626841,False,False,False,False,False,False,False,False,False,2025,6,2,4
T00088,2025-08-15,Stellenbosch,K0136,Meubels,Eetstel,15553.9,10649.24,1,0.6744114158883179,0.6465375918973565,-0.41235172950813637,15553.9,9.652130980510044,False,False,True,False,False,False,False,False,False,2025,8,3,4
T00089,2025-02-06,Paarl,K0095,Toestelle,Mikrogolf,2629.94,1797.99,1,0.05884698003838956,0.05860374470934264,-0.41235172950813637,2629.94,7.875096475763151,False,False,False,False,False,True,False,False,False,2025,2,1,3
T00090,2025-05-16,Worcester,K0014,Toestelle,Droër,7438.19,5168.95,1,0.28786252161197984,0.28251578894229357,-0.41235172950813637,7438.19,8.914517250932521,False,True,False,False,False,False,False,False,False,2025,5,2,4
T00091,2024-12-07,Stellenbosch,K0170,Meubels,Eetstel,16565.82,10833.4,1,0.7226088696041495,0.6587702028052107,-0.41235172950813637,16565.82,9.715157178906978,False,False,True,False,False,False,False,False,False,2024,12,4,5
T00092,2025-09-08,Paarl,K0194,Toestelle,Mikrogolf,2648.49,1836.07,1,0.05973051111439226,0.06113316381974168,-0.41235172950813637,2648.49,7.882122447628657,False,False,False,False,False,True,False,False,False,2025,9,3,0
T00093,2025-12-07,Stellenbosch,K0174,Toestelle,Mikrogolf,2159.99,1576.03,1,0.036463398951193826,0.04386031336101878,-0.41235172950813637,2159.99,7.678321729008904,False,False,False,False,False,True,False,False,False,2025,12,4,6
T00094,2025-11-11,Worcester,K0154,Toestelle,Yskas,9464.51,6589.95,1,0.38437555071849416,0.3769040388340228,-0.41235172950813637,9464.51,9.155409944917633,False,False,False,False,False,False,False,False,True,2025,11,4,1
T00095,2024-08-26,Stellenbosch,K0197,Meubels,Bed,8586.14,5784.37,2,0.3425390444528061,0.32339433697070175,1.3670760041350833,17172.28,9.75110996651524,True,False,False,False,False,False,False,False,False,2024,8,3,0
T00096,2024-11-18,Paarl,K0128,Toestelle,Stoof,7214.17,4899.31,1,0.2771925145151534,0.2646052698002769,-0.41235172950813637,7214.17,8.883941032953953,False,False,False,False,False,False,True,False,False,2024,11,4,0
T00097,2025-09-14,Stellenbosch,K0059,Meubels,Kas,8798.66,6144.69,1,0.35266130991221845,0.34732816821699863,-0.41235172950813637,8798.66,9.082468363356258,False,False,False,True,False,False,False,False,False,2025,9,3,6
T00098,2025-11-25,Worcester,K0190,Toestelle,Yskas,9947.67,7194.66,1,0.40738832024310206,0.4170711877376312,-0.41235172950813637,9947.67,9.20519415287652,False,False,False,False,False,False,False,False,True,2025,11,4,1
T00099,2024-08-13,Paarl,K0081,Meubels,Kas,4537.98,2999.03,2,0.14972636732983094,0.13838141089510086,1.3670760041350833,9075.96,9.113494613774602,False,False,False,True,False,False,False,False,False,2024,8,3,1
T00100,2025-09-13,Worcester,K0104,Toestelle,Mikrogolf,2893.54,2009.81,1,0.07140217096207246,0.07267363851093733,-0.41235172950813637,2893.54,7.970581482736063,False,False,False,False,False,True,False,False,False,2025,9,3,5
T00101,2024-07-22,Paarl,K0177,Meubels,Lessenaar,5463.38,3516.75,1,0.19380289874400464,0.17277035159457024,-0.41235172950813637,5463.38,8.606005944952464,False,False,False,False,True,False,False,False,False,2024,7,3,0
T00102,2025-07-06,Stellenbosch,K0151,Toestelle,Yskas,9825.56,6818.29,1,0.4015722566479164,0.3920712541614524,-0.41235172950813637,9825.56,9.192844202759424,False,False,False,False,False,False,False,False,True,2025,7,3,6
T00103,2025-08-15,Worcester,K0191,Meubels,Kas,5631.92,3998.37,2,0.2018304096631151,0.20476139234956994,1.3670760041350833,11263.84,9.329441649480968,False,False,False,True,False,False,False,False,False,2025,8,3,4
T00104,2025-06-13,Stellenbosch,K0163,Toestelle,Wasmajien,5869.4,4126.29,1,0.21314151262425401,0.21325832755446086,-0.41235172950813637,5869.4,8.677678053601017,False,False,False,False,False,False,False,True,False,2025,6,2,4
T00105,2024-10-25,Worcester,K0166,Meubels,Bed,7845.8,5068.27,1,0.3072768667273152,0.27582823862624917,-0.41235172950813637,7845.8,8.967861084355231,True,False,False,False,False,False,False,False,False,2024,10,4,4
T00106,2024-11-29,Stellenbosch,K0045,Meubels,Bank,12852.88,8486.89,1,0.545762623063257,0.5029060421764694,-0.41235172950813637,12852.88,9.461400990272281,False,False,False,False,False,False,False,False,False,2024,11,4,4
T00107,2024-12-04,Worcester,K0161,Meubels,Bank,12032.5,8018.08,3,0.506688163541364,0.47176589057074003,3.146503737778303,36097.5,10.494006592211157,False,False,False,False,False,False,False,False,False,2024,12,4,2
T00108,2025-11-18,Paarl,K0160,Toestelle,Droër,8244.24,5874.2,1,0.32625444742394727,0.32936118882698184,-0.41235172950813637,8244.24,9.017391343120691,False,True,False,False,False,False,False,False,False,2025,11,4,1
T00109,2025-05-27,Worcester,K0121,Toestelle,Wasmajien,7938.5,5538.36,1,0.3116921406219487,0.3070534127230844,-0.41235172950813637,7938.5,8.979605579966153,False,False,False,False,False,False,False,True,False,2025,5,2,1
T00110,2025-09-26,Worcester,K0091,Toestelle,Stoof,6957.12,5033.28,1,0.2649492981762585,0.2735040691232853,-0.41235172950813637,6957.12,8.847664601898325,False,False,False,False,False,False,True,False,False,2025,9,3,4
T00111,2025-12-02,Stellenbosch,K0015,Toestelle,Mikrogolf,1964.55,1372.23,1,0.02715464889761042,0.030323138605259176,-0.41235172950813637,1964.55,7.583527383357993,False,False,False,False,False,True,False,False,False,2025,12,4,1
T00112,2025-07-13,Paarl,K0130,Meubels,Eetstel,16447.42,11159.73,1,0.7169695122241644,0.6804462883697202,-0.41235172950813637,16447.42,9.707984702948334,False,False,True,False,False,False,False,False,False,2025,7,3,6
T00114,2025-01-09,Paarl,K0016,Toestelle,Droër,7356.8,4827.54,1,0.28398593971031616,0.25983803215444334,-0.41235172950813637,7356.8,8.903516253996035,False,True,False,False,False,False,False,False,False,2025,1,1,3
T00115,2025-10-05,Stellenbosch,K0045,Toestelle,Yskas,9946.48,6860.96,1,0.40733164089105656,0.39490555861105137,-0.41235172950813637,9946.48,9.205074531743646,False,False,False,False,False,False,False,False,True,2025,10,4,6
T00116,2024-08-10,Stellenbosch,K0157,Toestelle,Mikrogolf,2463.59,1576.12,1,0.050923778178925766,0.04386629150492466,-0.41235172950813637,2463.59,7.809780744042249,False,False,False,False,False,True,False,False,False,2024,8,3,5
T00117,2024-12-10,Paarl,K0199,Toestelle,Stoof,6975.77,4571.91,1,0.2658375922230214,0.24285811074710853,-0.41235172950813637,6975.77,8.85034133793793,False,False,False,False,False,False,True,False,False,2024,12,4,1
T00118,2025-06-12,Worcester,K0025,Meubels,Bed,4970.31,3479.72,1,0.1703181188170686,0.17031067749640644,-0.41235172950813637,4970.31,8.511438665848111,True,False,False,False,False,False,False,False,False,2025,6,2,3
T00119,2025-07-31,Paarl,K0086,Toestelle,Droër,6756.91,4589.43,2,0.25541335441741725,0.2440218560941199,1.3670760041350833,13513.82,9.511542140086894,False,True,False,False,False,False,False,False,False,2025,7,3,3
T00120,2024-09-22,Worcester,K0168,Meubels,Bed,5508.52,3580.19,1,0.19595290374512392,0.17698427881000395,-0.41235172950813637,5508.52,8.614232784014717,True,False,False,False,False,False,False,False,False,2024,9,3,6
T00121,2025-08-06,Stellenbosch,K0165,Meubels,Bed,6232.29,4337.39,1,0.23042585721566256,0.22728039620480858,-0.41235172950813637,6232.29,8.737659562278747,True,False,False,False,False,False,False,False,False,2025,8,3,2
T00122,2025-06-02,Stellenbosch,K0005,Meubels,Kas,6230.59,4194.28,1,0.2303448867127405,0.2177744831562474,-0.41235172950813637,6230.59,8.737386795912677,False,False,False,True,False,False,False,False,False,2025,6,2,0
T00123,2025-07-07,Paarl,K0197,Meubels,Bank,12145.52,8278.04,1,0.5120712730944545,0.48903342712376885,-0.41235172950813637,12145.52,9.404797987989637,False,False,False,False,False,False,False,False,False,2025,7,3,0
T00124,2025-11-10,Stellenbosch,K0076,Meubels,Bank,9142.57,6423.49,1,0.36904164265335576,0.36584712956099164,-0.41235172950813637,9142.57,9.120806178997091,False,False,False,False,False,False,False,False,False,2025,11,4,0
T00125,2024-10-12,Worcester,K0159,Meubels,Bed,10166.1,6783.71,2,0.4177920772744376,0.38977431842517085,1.3670760041350833,20332.2,9.92001029708879,True,False,False,False,False,False,False,False,False,2024,10,4,5
T00126,2024-11-12,Worcester,K0178,Toestelle,Wasmajien,8580.7,5781.78,1,0.3422799388434555,0.3232222992738547,-0.41235172950813637,8580.7,9.057387308053958,False,False,False,False,False,False,False,True,False,2024,11,4,1
T00127,2024-12-17,Worcester,K0174,Toestelle,Yskas,10030.07,6567.3,1,0.411313008149443,0.3753995392843763,-0.41235172950813637,10030.07,9.213442555226198,False,False,False,False,False,False,False,False,True,2024,12,4,1
T00128,2025-03-01,Paarl,K0062,Toestelle,Mikrogolf,2756.89,1832.18,1,0.06489357141836505,0.060874775155365324,-0.41235172950813637,2756.89,7.922221173583966,False,False,False,False,False,True,False,False,False,2025,3,1,5
T00129,2025-05-13,Paarl,K0147,Meubels,Bed,9030.1,6112.99,1,0.363684729439446,0.3452225330857053,-0.41235172950813637,9030.1,9.108429455160373,True,False,False,False,False,False,False,False,False,2025,5,2,1
T00130,2025-09-25,Paarl,K0108,Toestelle,Mikrogolf,4426.37,3091.58,1,0.14441041566445822,0.14452893554498086,-0.41235172950813637,4426.37,8.395561007283513,False,False,False,False,False,True,False,False,False,2025,9,3,3
T00131,2024-12-13,Stellenbosch,K0124,Meubels,Bed,9908.0,6478.29,1,0.40549884974256145,0.3694871549614609,-0.41235172950813637,9908.0,9.201198714058899,True,False,False,False,False,False,False,False,False,2024,12,4,4
T00132,2025-07-16,Worcester,K0073,Meubels,Lessenaar,5151.39,3622.18,2,0.17894290626949844,0.1797734150612029,1.3670760041350833,10302.78,9.240266097184524,False,False,False,False,True,False,False,False,False,2025,7,3,2
T00133,2024-09-24,Stellenbosch,K0038,Toestelle,Mikrogolf,2113.59,1383.65,2,0.03425338051849701,0.03108169864309418,1.3670760041350833,4227.18,8.34952691940463,False,False,False,False,False,True,False,False,False,2024,9,3,1
T00135,2025-08-29,Stellenbosch,K0099,Toestelle,Droër,9277.59,6578.68,1,0.3754726057736732,0.37615544236936427,-0.41235172950813637,9277.59,9.135464874581075,False,True,False,False,False,False,False,False,False,2025,8,3,4
T00136,2024-09-22,Paarl,K0026,Meubels,Eetstel,9398.2,6147.78,1,0.38121722480745696,0.3475334178244338,-0.41235172950813637,9398.2,9.148379858253364,False,False,True,False,False,False,False,False,False,2024,9,3,6
T00137,2025-06-09,Stellenbosch,K0121,Meubels,Eetstel,13584.2,9613.48,1,0.580595180826185,0.5777384548756412,-0.41235172950813637,13584.2,9.516736243872064,False,False,True,False,False,False,False,False,False,2025,6,2,0
T00138,2024-11-20,Worcester,K0021,Toestelle,Mikrogolf,3044.48,2023.56,1,0.07859139902740137,0.07358696605211346,-0.41235172950813637,3044.48,8.021413803188812,False,False,False,False,False,True,False,False,False,2024,11,4,2
T00139,2024-07-20,Paarl,K0187,Meubels,Bank,10211.74,6587.43,1,0.4199658971293575,0.3767366508046581,-0.41235172950813637,10211.74,9.231391239504118,False,False,False,False,False,False,False,False,False,2024,7,3,5
T00140,2025-12-23,Paarl,K0032,Meubels,Bed,9359.2,6857.46,1,0.3793596662110092,0.39467307523693373,-0.41235172950813637,9359.2,9.144221936764723,True,False,False,False,False,False,False,False,False,2025,12,4,1
T00141,2024-08-18,Stellenbosch,K0029,Toestelle,Droër,6554.69,4275.38,1,0.2457816749462975,0.22316145505365717,-0.41235172950813637,6554.69,8.788088653815917,False,True,False,False,False,False,False,False,False,2024,8,3,6
T00143,2024-11-25,Paarl,K0062,Toestelle,Yskas,4949.71,3235.87,1,0.16933694684048337,0.1541132287025302,-0.41235172950813637,4949.71,8.507286279620448,False,False,False,False,False,False,False,False,True,2024,11,4,0
T00144,2025-08-31,Stellenbosch,K0018,Meubels,Lessenaar,4686.45,3326.08,3,0.15679795001738484,0.16010532161085736,3.146503737778303,14059.349999999999,9.551114058369189,False,False,False,False,True,False,False,False,False,2025,8,3,6
T00146,2025-08-01,Paarl,K0018,Toestelle,Yskas,8770.53,5981.93,1,0.351321486237396,0.33651702708232034,-0.41235172950813637,8770.53,9.07926652853098,False,False,False,False,False,False,False,False,True,2025,8,3,4
T00147,2025-06-19,Stellenbosch,K0086,Meubels,Lessenaar,5004.99,3485.57,1,0.17196991707667905,0.1706992568502887,-0.41235172950813637,5004.99,8.518390474386848,False,False,False,False,True,False,False,False,False,2025,6,2,3
T00148,2024-11-14,Stellenbosch,K0165,Toestelle,Droër,7538.91,5116.08,1,0.2926597857615752,0.27900396151669493,-0.41235172950813637,7538.91,8.92796552459124,False,True,False,False,False,False,False,False,False,2024,11,4,3
T00149,2024-12-27,Worcester,K0035,Toestelle,Mikrogolf,2262.53,1510.18,1,0.04134734916862347,0.03948630473654985,-0.41235172950813637,2262.53,7.724680820598653,False,False,False,False,False,True,False,False,False,2024,12,4,4
T00150,2024-09-03,Worcester,K0012,Toestelle,Yskas,7693.34,4994.47,1,0.3000152415064324,0.27092616062342745,-0.41235172950813637,7693.34,8.948240272614017,False,False,False,False,False,False,False,False,True,2024,9,3,1
T00151,2025-01-21,Stellenbosch,K0140,Toestelle,Stoof,6230.41,4081.78,1,0.23033631336537225,0.21030180327389728,-0.41235172950813637,6230.41,8.737357910411593,False,False,False,False,False,False,True,False,False,2025,1,1,1
T00152,2025-10-28,Paarl,K0200,Meubels,Bank,14294.65,9989.35,1,0.6144337065914752,0.6027051765412319,-0.41235172950813637,14294.65,9.567710574166874,False,False,False,False,False,False,False,False,False,2025,10,4,1
T00154,2025-09-21,Paarl,K0048,Toestelle,Mikrogolf,3016.23,2155.2,1,0.07724585978766677,0.08233099787178075,-0.41235172950813637,3016.23,8.012094470923548,False,False,False,False,False,True,False,False,False,2025,9,3,6
T00155,2025-11-21,Worcester,K0133,Toestelle,Stoof,10780.44,7887.47,2,0.4470529118421742,0.4630902752868844,1.3670760041350833,21560.88,9.978682219737134,False,False,False,False,False,False,True,False,False,2025,11,4,4
T00156,2025-03-31,Stellenbosch,K0047,Toestelle,Yskas,7584.66,5282.48,1,0.29483884488433126,0.2900568853604555,-0.41235172950813637,7584.66,8.934014901840259,False,False,False,False,False,False,False,False,True,2025,3,1,0
T00157,2025-04-27,Paarl,K0076,Meubels,Eetstel,16331.46,11203.92,1,0.7114463713307264,0.6833815570275074,-0.41235172950813637,16331.46,9.70090981760736,False,False,True,False,False,False,False,False,False,2025,4,2,6
T00158,2025-05-10,Paarl,K0090,Toestelle,Wasmajien,8161.95,5753.98,1,0.3223349987854425,0.32137571704514956,-0.41235172950813637,8161.95,9.007360902233527,False,False,False,False,False,False,False,True,False,2025,5,2,5
T00159,2025-10-01,Stellenbosch,K0071,Toestelle,Droër,2610.48,1883.21,3,0.0579201059284697,0.06426438274999935,3.146503737778303,7831.4400000000005,8.966029362407603,False,True,False,False,False,False,False,False,False,2025,10,4,2
T00160,2024-08-28,Stellenbosch,K0192,Toestelle,Stoof,6656.1,4369.96,1,0.25061180359413776,0.22944382006052536,-0.41235172950813637,6656.1,8.803439233269462,False,False,False,False,False,False,True,False,False,2024,8,3,2
T00161,2024-12-11,Stellenbosch,K0113,Meubels,Lessenaar,6132.41,4072.17,1,0.2256686020204522,0.20966347035239166,-0.41235172950813637,6132.41,8.721506154850843,False,False,False,False,True,False,False,False,False,2024,12,4,2
T00162,2024-08-05,Stellenbosch,K0094,Meubels,Bank,8424.65,5662.01,1,0.33484732297228426,0.31526671821155194,-0.41235172950813637,8424.65,9.039035903579864,False,False,False,False,False,False,False,False,False,2024,8,3,0
T00163,2025-07-06,Paarl,K0116,Meubels,Lessenaar,5941.27,4138.34,1,0.21656465970955407,0.21405873459963706,-0.41235172950813637,5941.27,8.689846494236267,False,False,False,False,True,False,False,False,False,2025,7,3,6
T00164,2025-07-15,Paarl,K0136,Toestelle,Yskas,6128.28,4181.98,1,0.22547189132805912,0.21695747015577713,-0.41235172950813637,6128.28,8.7208325668932,False,False,False,False,False,False,False,False,True,2025,7,3,1
T00165,2025-07-11,Paarl,K0030,Toestelle,Stoof,6733.28,4806.51,1,0.2542878644268003,0.2584411391951027,-0.41235172950813637,6733.28,8.814966178898175,False,False,False,False,False,False,True,False,False,2025,7,3,4
T00166,2024-07-27,Worcester,K0144,Meubels,Kas,6693.16,4312.42,1,0.25237696055783915,0.22562179339003272,-0.41235172950813637,6693.16,8.808990783487417,False,False,False,True,False,False,False,False,False,2024,7,3,5
T00168,2025-04-19,Worcester,K0019,Toestelle,Wasmajien,6422.03,4379.7,1,0.239463117935919,0.23009078807878394,-0.41235172950813637,6422.03,8.767645247961504,False,False,False,False,False,False,False,True,False,2025,4,2,5
T00169,2025-10-06,Stellenbosch,K0082,Toestelle,Yskas,12172.03,8642.18,1,0.513333936642963,0.5132209973669597,-0.41235172950813637,12172.03,9.406978127877109,False,False,False,False,False,False,False,False,True,2025,10,4,0
T00170,2025-06-21,Worcester,K0077,Meubels,Lessenaar,3262.18,2254.02,1,0.08896038637218806,0.08889499988043711,-0.41235172950813637,3262.18,8.090457459031391,False,False,False,False,True,False,False,False,False,2025,6,2,5
T00171,2024-12-09,Worcester,K0032,Meubels,Bed,7696.43,5010.35,1,0.3001624173029202,0.27198097090370943,-0.41235172950813637,7696.43,8.948641785895664,True,False,False,False,False,False,False,False,False,2024,12,4,0
T00172,2025-01-22,Stellenbosch,K0142,Meubels,Kas,6882.48,4522.61,1,0.261394216800903,0.23958341636310979,-0.41235172950813637,6882.48,8.83687961700012,False,False,False,True,False,False,False,False,False,2025,1,1,2
T00174,2025-05-13,Paarl,K0105,Toestelle,Droër,5752.76,4004.67,1,0.20758598352964713,0.20517986242298156,-0.41235172950813637,5752.76,8.657608833126899,False,True,False,False,False,False,False,False,False,2025,5,2,1
T00175,2024-09-14,Stellenbosch,K0175,Toestelle,Yskas,7821.27,5264.12,1,0.30610850999985717,0.2888373440036559,-0.41235172950813637,7821.27,8.964730072745807,False,False,False,False,False,False,False,False,True,2024,9,3,5
T00176,2025-12-12,Paarl,K0047,Meubels,Lessenaar,5349.6,3788.81,1,0.18838359061313725,0.19084161638383404,-0.41235172950813637,5349.6,8.584963983134474,False,False,False,False,True,False,False,False,False,2025,12,4,4
T00177,2024-11-10,Paarl,K0078,Meubels,Eetstel,17698.8,11613.12,1,0.7765723757221854,0.710562184652909,-0.41235172950813637,17698.8,9.781308619063052,False,False,True,False,False,False,False,False,False,2024,11,4,6
T00178,2024-12-16,Stellenbosch,K0133,Toestelle,Wasmajien,7460.95,4904.12,1,0.2889465737569837,0.26492476838013557,-0.41235172950813637,7460.95,8.917572053142198,False,False,False,False,False,False,False,True,False,2024,12,4,0
T00179,2025-04-17,Stellenbosch,K0142,Toestelle,Wasmajien,5756.51,3885.5,1,0.20776459493315175,0.19726413565338455,-0.41235172950813637,5756.51,8.65826036855829,False,False,False,False,False,False,False,True,False,2025,4,2,3
T00180,2025-04-08,Stellenbosch,K0129,Toestelle,Droër,5827.78,3920.5,1,0.21115916419389102,0.19958896939456014,-0.41235172950813637,5827.78,8.670562995010421,False,True,False,False,False,False,False,False,False,2025,4,2,1
T00181,2024-12-20,Worcester,K0185,Meubels,Bank,11947.75,8059.52,1,0.5026515458221602,0.474518493720292,-0.41235172950813637,11947.75,9.388381949377973,False,False,False,False,False,False,False,False,False,2024,12,4,4
T00182,2025-06-11,Worcester,K0165,Meubels,Eetstel,15351.98,10465.77,1,0.6647940253294785,0.6343508134261141,-0.41235172950813637,15351.98,9.639064870981048,False,False,True,False,False,False,False,False,False,2025,6,2,2
T00183,2025-03-29,Worcester,K0164,Meubels,Lessenaar,5047.1,3365.28,1,0.17397560406376666,0.16270913540097404,-0.41235172950813637,5047.1,8.52676721385051,False,False,False,False,True,False,False,False,False,2025,3,1,5
T00184,2024-08-01,Paarl,K0176,Toestelle,Stoof,8136.05,5343.18,1,0.32110138935857074,0.2940888113058657,-0.41235172950813637,8136.05,9.004182985448578,False,False,False,False,False,False,True,False,False,2024,8,3,3
T00185,2025-08-20,Paarl,K0041,Toestelle,Yskas,10650.83,7630.58,1,0.4408796254399794,0.44602665986486734,-0.41235172950813637,10650.83,9.273486987362233,False,False,False,False,False,False,False,False,True,2025,8,3,2
T00186,2025-09-24,Paarl,K0156,Toestelle,Mikrogolf,2906.75,2000.84,1,0.07203135939948466,0.07207781683498463,-0.41235172950813637,2906.75,7.9751348652191485,False,False,False,False,False,True,False,False,False,2025,9,3,2
T00187,2024-11-25,Paarl,K0034,Toestelle,Stoof,10849.86,7299.28,3,0.4503593661438513,0.424020447909111,3.146503737778303,32549.58,10.390550466218363,False,False,False,False,False,False,True,False,False,2024,11,4,0
T00188,2025-07-15,Worcester,K0032,Meubels,Bed,8042.01,5475.37,1,0.31662229165575156,0.30286937622718013,-0.41235172950813637,8042.01,8.992558670220467,True,False,False,False,False,False,False,False,False,2025,7,3,1
T00189,2025-03-31,Paarl,K0075,Meubels,Bank,12810.42,8494.42,1,0.543740265678509,0.5034062135499281,-0.41235172950813637,12810.42,9.458092239645008,False,False,False,False,False,False,False,False,False,2025,3,1,0
T00190,2025-07-29,Worcester,K0041,Toestelle,Wasmajien,6804.79,4720.68,3,0.2576938648173639,0.25273998262352837,3.146503737778303,20414.37,9.924043327517923,False,False,False,False,False,False,False,True,False,2025,7,3,1
T00191,2025-06-01,Worcester,K0128,Toestelle,Wasmajien,5772.67,4046.93,1,0.20853429100798754,0.20798693310589814,-0.41235172950813637,5772.67,8.661063205835877,False,False,False,False,False,False,False,True,False,2025,6,2,6
T00193,2025-08-07,Worcester,K0091,Toestelle,Wasmajien,8737.17,6018.97,1,0.3497325591918191,0.33897736541869594,-0.41235172950813637,8737.17,9.075456064575048,False,False,False,False,False,False,False,True,False,2025,8,3,3
T00194,2024-08-19,Stellenbosch,K0168,Toestelle,Mikrogolf,2895.83,1860.0,1,0.07151124299247927,0.06272268586049404,-0.41235172950813637,2895.83,7.971372314652984,False,False,False,False,False,True,False,False,False,2024,8,3,0
T00195,2025-10-25,Paarl,K0068,Meubels,Eetstel,14963.26,10863.79,1,0.6462794053907304,0.660788822730763,-0.41235172950813637,14963.26,9.613419970350506,False,False,True,False,False,False,False,False,False,2025,10,4,5
T00196,2025-07-10,Paarl,K0146,Toestelle,Yskas,7205.49,5005.55,1,0.27677908865317474,0.2716621365620624,-0.41235172950813637,7205.49,8.882737287886032,False,False,False,False,False,False,False,False,True,2025,7,3,3
T00197,2025-01-16,Paarl,K0116,Toestelle,Yskas,10950.24,7438.46,1,0.45514043619286226,0.43326531534044865,-0.41235172950813637,10950.24,9.301207970842388,False,False,False,False,False,False,False,False,True,2025,1,1,3
T00198,2025-04-13,Worcester,K0101,Meubels,Bank,11632.36,8146.34,3,0.4876296123418099,0.4802854098748309,3.146503737778303,34897.08,10.460187092350527,False,False,False,False,False,False,False,False,False,2025,4,2,6
T00199,2025-07-18,Paarl,K0131,Toestelle,Wasmajien,7619.4,5272.15,1,0.2964935009263978,0.28937072728770274,-0.41235172950813637,7619.4,8.93858414074128,False,False,False,False,False,False,False,True,False,2025,7,3,4
T00200,2025-08-16,Worcester,K0183,Meubels,Eetstel,13308.83,9535.92,1,0.5674793882440355,0.5725866233051962,-0.41235172950813637,13308.83,9.496258138955975,False,False,True,False,False,False,False,False,False,2025,8,3,5
T00201,2025-06-07,Paarl,K0132,Toestelle,Wasmajien,7367.45,5229.91,1,0.28449319609626916,0.28656498508120976,-0.41235172950813637,7367.45,8.904962650988713,False,False,False,False,False,False,False,True,False,2025,6,2,5
T00202,2024-11-21,Paarl,K0158,Toestelle,Wasmajien,6239.59,4072.46,1,0.23077355408115152,0.2096827332605328,-0.41235172950813637,6239.59,8.738830008175833,False,False,False,False,False,False,False,True,False,2024,11,4,3
T00203,2025-05-03,Worcester,K0137,Toestelle,Droër,5934.75,4186.94,1,0.2162541140159941,0.21728693230881227,-0.41235172950813637,5934.75,8.688748668057352,False,True,False,False,False,False,False,False,False,2025,5,2,5
T00204,2025-11-14,Worcester,K0095,Toestelle,Mikrogolf,2616.02,1812.27,1,0.0581839745085805,0.059552276875742285,-0.41235172950813637,2616.02,7.869791544839499,False,False,False,False,False,True,False,False,False,2025,11,4,4
T00205,2025-06-05,Worcester,K0186,Meubels,Kas,3827.87,2603.97,1,0.11590403566512505,0.11214001610113425,-0.41235172950813637,3827.87,8.250324999477584,False,False,False,True,False,False,False,False,False,2025,6,2,3
T00206,2024-07-28,Worcester,K0199,Toestelle,Stoof,5966.57,3771.53,3,0.21776969131186502,0.18969381275390504,3.146503737778303,17899.71,9.792595655846688,False,False,False,False,False,False,True,False,False,2024,7,3,6
T00207,2025-02-19,Worcester,K0135,Meubels,Lessenaar,3781.56,2519.03,1,0.11369830390611232,0.10649797673040698,-0.41235172950813637,3781.56,8.238156308061487,False,False,False,False,True,False,False,False,False,2025,2,1,2
T00208,2025-07-25,Stellenbosch,K0180,Meubels,Eetstel,14359.66,9970.35,1,0.6175301138826309,0.6014431239388794,-0.41235172950813637,14359.66,9.572247802548826,False,False,True,False,False,False,False,False,False,2025,7,3,4
T00209,2024-10-21,Stellenbosch,K0039,Meubels,Kas,7286.49,4934.55,1,0.280637094968874,0.2669460452585348,-0.41235172950813637,7286.49,8.893914458445114,False,False,False,True,False,False,False,False,False,2024,10,4,0
T00210,2025-08-27,Worcester,K0157,Meubels,Kas,5760.09,4036.96,1,0.2079351092863641,0.20732468760876901,-0.41235172950813637,5760.09,8.658881971898154,False,False,False,True,False,False,False,False,False,2025,8,3,2
T00211,2025-10-26,Worcester,K0144,Meubels,Bank,11953.72,8679.37,1,0.5029358951765395,0.5156912992765117,-0.41235172950813637,11953.72,9.388881458455453,False,False,False,False,False,False,False,False,False,2025,10,4,6
T00212,2025-05-29,Worcester,K0045,Toestelle,Droër,6153.61,4332.98,1,0.22667835182159818,0.2269874671534204,-0.41235172950813637,6153.61,8.724956673491612,False,True,False,False,False,False,False,False,False,2025,5,2,3
T00213,2025-10-14,Worcester,K0198,Toestelle,Droër,6887.26,4810.69,1,0.26162188680323695,0.25871879076762017,-0.41235172950813637,6887.26,8.837573792201214,False,True,False,False,False,False,False,False,False,2025,10,4,1
T00214,2025-03-28,Worcester,K0072,Toestelle,Wasmajien,5759.15,3903.42,3,0.20789033736121892,0.19845445052886648,3.146503737778303,17277.449999999997,9.75721533926077,False,False,False,False,False,False,False,True,False,2025,3,1,4
T00215,2025-05-02,Stellenbosch,K0177,Toestelle,Stoof,8304.23,5791.87,1,0.32911175358294475,0.32389251562952515,-0.41235172950813637,8304.23,9.024640715824063,False,False,False,False,False,False,True,False,False,2025,5,2,4
T00216,2025-11-13,Paarl,K0185,Toestelle,Stoof,9223.08,6432.9,1,0.3728763104123304,0.366472177718262,-0.41235172950813637,9223.08,9.12957273493817,False,False,False,False,False,False,True,False,False,2025,11,4,3
T00217,2025-04-07,Paarl,K0098,Meubels,Lessenaar,4724.09,3316.54,1,0.15859073221149497,0.15947163835683406,-0.41235172950813637,4724.09,8.460641887365487,False,False,False,False,True,False,False,False,False,2025,4,2,0
T00218,2025-08-09,Paarl,K0183,Meubels,Bed,8025.18,5604.8,1,0.3158206836768229,0.31146661140204746,-0.41235172950813637,8025.18,8.990463977687265,True,False,False,False,False,False,False,False,False,2025,8,3,5
T00219,2024-09-19,Paarl,K0055,Toestelle,Stoof,8544.12,5575.91,1,0.3405376441394027,0.3095476272082599,-0.41235172950813637,8544.12,9.05311563875126,False,False,False,False,False,False,True,False,False,2024,9,3,3
T00220,2025-01-23,Worcester,K0036,Toestelle,Droër,7097.6,4723.48,1,0.2716403195000786,0.2529259693228224,-0.41235172950813637,7097.6,8.867652860487672,False,True,False,False,False,False,False,False,False,2025,1,1,3
T00221,2024-10-20,Worcester,K0136,Meubels,Bank,17382.96,11443.1,1,0.7615290088734145,0.6992688065764897,-0.41235172950813637,17382.96,9.763303220967213,False,False,False,False,False,False,False,False,False,2024,10,4,6
T00222,2025-02-17,Worcester,K0085,Meubels,Eetstel,12697.96,8395.58,1,0.5383838287616752,0.4968408830648482,-0.41235172950813637,12697.96,9.449275379329753,False,False,True,False,False,False,False,False,False,2025,2,1,0
T00223,2025-10-27,Stellenbosch,K0041,Meubels,Eetstel,21569.41,15470.4,3,0.9609283982605632,0.9667774616003888,3.146503737778303,64708.229999999996,11.07765912873774,False,False,True,False,False,False,False,False,False,2025,10,4,0
T00224,2025-08-21,Worcester,K0194,Toestelle,Mikrogolf,2095.85,1494.41,1,0.03340842950565126,0.03843880107659729,-0.41235172950813637,2095.85,7.648191497585247,False,False,False,False,False,True,False,False,False,2025,8,3,3
T00225,2025-04-21,Paarl,K0023,Toestelle,Yskas,4752.21,3239.36,2,0.1599300795892414,0.154345047838436,1.3670760041350833,9504.42,9.15961744121616,False,False,False,False,False,False,False,False,True,2025,4,2,0
T00226,2025-02-23,Worcester,K0046,Meubels,Bank,10685.61,7417.02,1,0.4425361866703501,0.43184118861442566,-0.41235172950813637,10685.61,9.27674683492367,False,False,False,False,False,False,False,False,False,2025,2,1,6
T00227,2024-08-07,Paarl,K0075,Toestelle,Wasmajien,7512.63,4969.67,2,0.291408077045815,0.26927884985825157,1.3670760041350833,15025.26,9.61755461612028,False,False,False,False,False,False,False,True,False,2024,8,3,2
T00228,2024-08-08,Stellenbosch,K0086,Toestelle,Droër,8751.41,5612.6,1,0.3504108062280606,0.31198471720722376,-0.41235172950813637,8751.41,9.077084369999604,False,True,False,False,False,False,False,False,False,2024,8,3,3
T00229,2025-04-18,Paarl,K0120,Toestelle,Wasmajien,5652.38,3778.97,2,0.20280491348063617,0.19018800598345778,1.3670760041350833,11304.76,9.3330676093432,False,False,False,False,False,False,False,True,False,2025,4,2,4
T00230,2025-04-06,Stellenbosch,K0118,Meubels,Bed,8983.84,6038.02,1,0.3614813791658133,0.34024273921210724,-0.41235172950813637,8983.84,9.103293991602232,True,False,False,False,False,False,False,False,False,2025,4,2,6
T00231,2025-03-21,Worcester,K0076,Meubels,Eetstel,11039.3,7327.91,1,0.45938233795182726,0.4259221619093926,-0.41235172950813637,11039.3,9.309307493374925,False,False,True,False,False,False,False,False,False,2025,3,1,4
T00232,2025-01-14,Stellenbosch,K0023,Toestelle,Mikrogolf,3415.73,2249.91,1,0.09627392797435616,0.0886219979754019,-0.41235172950813637,3415.73,8.13643923231201,False,False,False,False,False,True,False,False,False,2025,1,1,1
T00233,2025-08-15,Worcester,K0123,Meubels,Bank,14948.6,10180.96,3,0.6455811538772964,0.6154326449168506,3.146503737778303,44845.8,10.71100751600057,False,False,False,False,False,False,False,False,False,2025,8,3,4
T00234,2025-05-28,Stellenbosch,K0115,Meubels,Bed,7061.65,4963.44,1,0.26992803151181455,0.26886502945232227,-0.41235172950813637,7061.65,8.862575614167206,True,False,False,False,False,False,False,False,False,2025,5,2,2
T00235,2025-03-31,Paarl,K0003,Toestelle,Droër,4444.24,2943.48,1,0.14526155853929212,0.1346915676287493,-0.41235172950813637,4444.24,8.399589139741266,False,True,False,False,False,False,False,False,False,2025,3,1,0
T00236,2025-03-25,Worcester,K0031,Toestelle,Wasmajien,9030.81,6027.4,1,0.3637185465318428,0.33953731823121336,-0.41235172950813637,9030.81,9.108508069292908,False,False,False,False,False,False,False,True,False,2025,3,1,1
T00237,2025-10-20,Paarl,K0181,Meubels,Kas,5828.19,4148.16,1,0.2111786923740075,0.21471101652358973,-0.41235172950813637,5828.19,8.6706333331568,False,False,False,True,False,False,False,False,False,2025,10,4,0
T00238,2025-05-15,Worcester,K0057,Meubels,Bed,10475.63,7311.5,1,0.4325349006682448,0.42483214700388705,-0.41235172950813637,10475.63,9.256902341276463,True,False,False,False,False,False,False,False,False,2025,5,2,3
T00239,2025-02-10,Stellenbosch,K0156,Toestelle,Wasmajien,7007.87,4670.48,1,0.26736650583702065,0.24940550680047077,-0.41235172950813637,7007.87,8.854931768746635,False,False,False,False,False,False,False,True,False,2025,2,1,0
T00240,2025-07-18,Paarl,K0056,Toestelle,Droër,6556.38,4450.97,1,0.2458621691521436,0.23482481381402923,-0.41235172950813637,6556.38,8.788346411916706,False,True,False,False,False,False,False,False,False,2025,7,3,4
T00241,2025-03-11,Worcester,K0181,Meubels,Lessenaar,4049.93,2766.47,1,0.1264806885350531,0.12293388704230665,-0.41235172950813637,4049.93,8.306701763369366,False,False,False,False,True,False,False,False,False,2025,3,1,1
T00242,2025-07-06,Stellenbosch,K0130,Meubels,Eetstel,16868.55,12001.98,1,0.7370278109862684,0.7363917517555815,-0.41235172950813637,16868.55,9.733265500613998,False,False,True,False,False,False,False,False,False,2025,7,3,6
T00243,2025-01-24,Worcester,K0134,Meubels,Bank,12300.74,8416.01,1,0.5194643563083167,0.49819792173148303,-0.41235172950813637,12300.74,9.417495994770137,False,False,False,False,False,False,False,False,False,2025,1,1,4
T00244,2025-09-26,Stellenbosch,K0131,Meubels,Lessenaar,5014.44,3497.95,1,0.17242001781351063,0.17152158375645304,-0.41235172950813637,5014.44,8.52027643333702,False,False,False,False,True,False,False,False,False,2025,9,3,4
T00245,2025-09-30,Stellenbosch,K0117,Toestelle,Wasmajien,4698.83,3382.7,1,0.157387605797488,0.1638662383658677,-0.41235172950813637,4698.83,8.455281616831225,False,False,False,False,False,False,False,True,False,2025,9,3,1
T00246,2024-08-29,Worcester,K0102,Toestelle,Stoof,10799.82,6987.76,1,0.44797597557548596,0.4033280991362246,-0.41235172950813637,10799.82,9.287377336156009,False,False,False,False,False,False,True,False,False,2024,8,3,3
T00248,2025-06-18,Worcester,K0018,Meubels,Lessenaar,4615.67,3132.61,3,0.15342671931337015,0.14725430492785044,3.146503737778303,13847.01,9.535896818981723,False,False,False,False,True,False,False,False,False,2025,6,2,2
T00249,2025-10-27,Stellenbosch,K0035,Toestelle,Mikrogolf,3530.37,2447.49,1,0.1017341976537606,0.10174601656344404,-0.41235172950813637,3530.37,8.169441176618252,False,False,False,False,False,True,False,False,False,2025,10,4,0
T00250,2025-09-04,Paarl,K0097,Toestelle,Mikrogolf,3377.67,2392.42,2,0.09446114130305355,0.0980880567312572,1.3670760041350833,6755.34,8.818236602297869,False,False,False,False,False,True,False,False,False,2025,9,3,3
T00251,2025-07-20,Stellenbosch,K0138,Meubels,Bed,9290.75,6396.71,1,0.3760994127257053,0.3640682996298864,-0.41235172950813637,9290.75,9.136882188663957,True,False,False,False,False,False,False,False,False,2025,7,3,6
T00252,2025-08-07,Worcester,K0194,Meubels,Bank,15421.58,10980.73,1,0.6681090529785237,0.6685564243791364,-0.41235172950813637,15421.58,9.643587948296794,False,False,False,False,False,False,False,False,False,2025,8,3,3
T00253,2024-07-24,Paarl,K0098,Toestelle,Droër,7770.11,5084.06,1,0.30367177415897845,0.27687707076262524,-0.41235172950813637,7770.11,8.95816829030144,False,True,False,False,False,False,False,False,False,2024,7,3,2
T00254,2025-02-21,Stellenbosch,K0049,Toestelle,Stoof,5334.27,3625.83,1,0.18765342719561046,0.18001586200849692,-0.41235172950813637,5334.27,8.582094771639882,False,False,False,False,False,False,True,False,False,2025,2,1,4
T00255,2024-10-24,Stellenbosch,K0005,Toestelle,Droër,6176.71,4083.47,1,0.22777859806718648,0.2104140595316855,-0.41235172950813637,6176.71,8.728702931619248,False,True,False,False,False,False,False,False,False,2024,10,4,3
T00256,2025-03-04,Stellenbosch,K0115,Meubels,Eetstel,17152.63,11488.23,1,0.7505584583216245,0.7022665136261826,-0.41235172950813637,17152.63,9.749965092004466,False,False,True,False,False,False,False,False,False,2025,3,1,1
T00257,2024-08-19,Stellenbosch,K0139,Meubels,Kas,8442.92,5398.36,1,0.3357175177301587,0.29775407775838203,-0.41235172950813637,8442.92,9.04120193474048,False,False,False,True,False,False,False,False,False,2024,8,3,0
T00258,2025-02-08,Stellenbosch,K0060,Meubels,Lessenaar,3119.9,2056.77,3,0.08218363157468578,0.07579290115338322,3.146503737778303,9359.7,9.144275353000067,False,False,False,False,True,False,False,False,False,2025,2,1,5
T00259,2025-05-23,Worcester,K0037,Toestelle,Wasmajien,4444.93,3069.33,1,0.14529442303753698,0.14305100552380495,-0.41235172950813637,4444.93,8.399744349910767,False,False,False,False,False,False,False,True,False,2025,5,2,4
T00260,2025-12-16,Stellenbosch,K0143,Toestelle,Stoof,8400.01,5854.05,1,0.3336737269769901,0.3280227488302765,-0.41235172950813637,8400.01,9.036107215698623,False,False,False,False,False,False,True,False,False,2025,12,4,1
T00261,2024-12-27,Worcester,K0089,Toestelle,Droër,4019.07,2669.1,1,0.1250108357584793,0.11646619957435614,-0.41235172950813637,4019.07,8.299054594396786,False,True,False,False,False,False,False,False,False,2024,12,4,4
T00262,2025-07-26,Worcester,K0077,Toestelle,Mikrogolf,2455.44,1736.15,1,0.05053559606197579,0.054496095607791256,-0.41235172950813637,2455.44,7.806468426315496,False,False,False,False,False,True,False,False,False,2025,7,3,5
T00263,2025-07-21,Stellenbosch,K0077,Toestelle,Wasmajien,7549.9,5355.83,1,0.29318323624811266,0.2949290726437478,-0.41235172950813637,7549.9,8.929422040436696,False,False,False,False,False,False,False,True,False,2025,7,3,0
T00264,2024-11-25,Paarl,K0107,Meubels,Lessenaar,3560.12,2391.44,1,0.10315118145489705,0.09802296138650426,-0.41235172950813637,3560.12,8.177830381109326,False,False,False,False,True,False,False,False,False,2024,11,4,0
T00265,2025-12-25,Stellenbosch,K0085,Toestelle,Wasmajien,6905.98,4899.16,1,0.26251351492953184,0.26459530622710037,-0.41235172950813637,6905.98,8.840287773471635,False,False,False,False,False,False,False,True,False,2025,12,4,3
T00266,2024-09-19,Paarl,K0049,Toestelle,Yskas,10910.28,7319.55,1,0.4532371530771173,0.42536685876435754,-0.41235172950813637,10910.28,9.297552395501617,False,False,False,False,False,False,False,False,True,2024,9,3,3
T00267,2024-08-22,Paarl,K0019,Toestelle,Droër,5863.69,3909.96,1,0.21286954699385102,0.1988888623193604,-0.41235172950813637,5863.69,8.676704903765673,False,True,False,False,False,False,False,False,False,2024,8,3,3
T00268,2025-01-09,Worcester,K0086,Meubels,Kas,4810.69,3318.34,1,0.16271546488976102,0.15959120123495169,-0.41235172950813637,4810.69,8.478803652741727,False,False,False,True,False,False,False,False,False,2025,1,1,3
T00269,2025-05-07,Stellenbosch,K0031,Meubels,Bank,11732.42,8220.15,3,0.49239544088438847,0.4851881521158643,3.146503737778303,35197.26,10.468751928546213,False,False,False,False,False,False,False,False,False,2025,5,2,2
T00270,2025-11-03,Stellenbosch,K0142,Meubels,Kas,4447.14,3191.49,2,0.1453996846913357,0.15116533951871955,1.3670760041350833,8894.28,9.09327607796313,False,False,False,True,False,False,False,False,False,2025,11,4,0
T00271,2025-05-26,Paarl,K0092,Toestelle,Mikrogolf,3482.36,2463.13,1,0.09944749539182579,0.10278488512664366,-0.41235172950813637,3482.36,8.155752624197936,False,False,False,False,False,True,False,False,False,2025,5,2,0
T00272,2025-05-12,Paarl,K0120,Toestelle,Droër,6542.32,4428.58,2,0.24519249546327032,0.23333758445788863,1.3670760041350833,13084.64,9.4792707247349,False,True,False,False,False,False,False,False,False,2025,5,2,0
T00273,2024-10-09,Worcester,K0095,Toestelle,Stoof,7240.49,4682.6,2,0.2784461284192176,0.2502105635131293,1.3670760041350833,14480.98,9.580660396923092,False,False,False,False,False,False,True,False,False,2024,10,4,2
T00274,2025-05-17,Paarl,K0190,Meubels,Lessenaar,4713.98,3168.05,2,0.15810919586764655,0.14960836515034368,1.3670760041350833,9427.96,9.151541083225265,False,False,False,False,True,False,False,False,False,2025,5,2,5
T00275,2024-11-27,Stellenbosch,K0149,Toestelle,Droër,6365.21,4158.44,2,0.23675679795001742,0.21539385340528358,1.3670760041350833,12730.42,9.45182823285602,False,True,False,False,False,False,False,False,False,2024,11,4,2
T00276,2025-09-01,Paarl,K0098,Meubels,Bank,11447.58,7950.5,1,0.4788285949712555,0.46727696873563584,-0.41235172950813637,11447.58,9.345620983824334,False,False,False,False,False,False,False,False,False,2025,9,3,0
T00277,2025-03-09,Paarl,K0126,Toestelle,Stoof,7545.1,5178.14,1,0.29295461365162684,0.2831262238589052,-0.41235172950813637,7545.1,8.928786152490517,False,False,False,False,False,False,True,False,False,2025,3,1,6
T00278,2025-11-15,Paarl,K0185,Meubels,Bed,6848.36,4881.8,1,0.25976909117754926,0.2634421886914773,-0.41235172950813637,6848.36,8.831910496234421,True,False,False,False,False,False,False,False,False,2025,11,4,5
T00279,2025-11-13,Stellenbosch,K0020,Meubels,Lessenaar,2984.81,2130.32,1,0.07574933437483627,0.08067837320091081,-0.41235172950813637,2984.81,8.001626345800029,False,False,False,False,True,False,False,False,False,2025,11,4,3
T00280,2024-08-19,Stellenbosch,K0060,Toestelle,Wasmajien,9050.31,5828.31,1,0.3646473258300667,0.3263129996731948,-0.41235172950813637,9050.31,9.110664777599716,False,False,False,False,False,False,False,True,False,2024,8,3,0
T00281,2024-09-08,Worcester,K0117,Meubels,Eetstel,16729.67,10996.59,1,0.7304129971946102,0.6696099061829949,-0.41235172950813637,16729.67,9.724998840997268,False,False,True,False,False,False,False,False,False,2024,9,3,6
T00282,2025-07-18,Stellenbosch,K0137,Toestelle,Mikrogolf,2655.63,1846.67,1,0.06007058722666503,0.06183725632421201,-0.41235172950813637,2655.63,7.884813681264319,False,False,False,False,False,True,False,False,False,2025,7,3,4
T00283,2025-08-26,Stellenbosch,K0138,Meubels,Lessenaar,4372.08,3057.18,1,0.14182459883878773,0.14224395609651114,-0.41235172950813637,4372.08,8.383222845322878,False,False,False,False,True,False,False,False,False,2025,8,3,1
T00284,2025-04-20,Stellenbosch,K0025,Toestelle,Wasmajien,5566.69,3870.53,1,0.19872352383628716,0.19626977105037316,-0.41235172950813637,5566.69,8.624735525176973,False,False,False,False,False,False,False,True,False,2025,4,2,6
T00285,2025-12-19,Stellenbosch,K0065,Meubels,Bank,10109.12,7433.32,1,0.4150781365353199,0.43292389689960165,-0.41235172950813637,10109.12,9.221292181380278,False,False,False,False,False,False,False,False,False,2025,12,4,4
T00286,2025-06-28,Paarl,K0104,Toestelle,Yskas,6155.49,4308.2,1,0.2267678956718885,0.22534148486466807,-0.41235172950813637,6155.49,8.725262088932086,False,False,False,False,False,False,False,False,True,2025,6,2,5
T00287,2025-10-14,Worcester,K0021,Meubels,Bank,10383.57,7512.96,1,0.428150109786476,0.43821389001809385,-0.41235172950813637,10383.57,9.24807632957911,False,False,False,False,False,False,False,False,False,2025,10,4,1
T00288,2024-08-02,Stellenbosch,K0122,Toestelle,Mikrogolf,1959.23,5045.4,1,0.026901258853171905,0.2743091258359438,-0.41235172950813637,1959.23,7.580817092278725,False,False,False,False,False,True,False,False,False,2024,8,3,4
T00289,2024-08-27,Worcester,K0112,Meubels,Bank,16217.85,10417.09,1,0.7060351602501512,0.6311173018112447,-0.41235172950813637,16217.85,9.693929425032566,False,False,False,False,False,False,False,False,False,2024,8,3,1
T00290,2025-06-05,Worcester,K0059,Meubels,Lessenaar,5381.64,3728.62,2,0.1899096464446805,0.18684356658722376,1.3670760041350833,10763.28,9.283988524143181,False,False,False,False,True,False,False,False,False,2025,6,2,3
T00291,2025-02-02,Worcester,K0020,Toestelle,Stoof,8639.26,5820.69,1,0.3450691345205832,0.3258068501558302,-0.41235172950813637,8639.26,9.064187953937921,False,False,False,False,False,False,True,False,False,2025,2,1,6
T00292,2025-04-14,Worcester,K0081,Meubels,Bank,9846.79,6648.38,2,0.4025834353402905,0.38078518270536255,1.3670760041350833,19693.58,9.888098749968178,False,False,False,False,False,False,False,False,False,2025,4,2,0
T00293,2024-07-17,Stellenbosch,K0077,Meubels,Kas,4444.13,2927.12,2,0.145256319271456,0.13360487391430262,1.3670760041350833,8888.26,9.092599085448292,False,False,False,True,False,False,False,False,False,2024,7,3,2
T00294,2024-12-14,Worcester,K0100,Meubels,Lessenaar,4309.66,2908.68,1,0.13885155249031927,0.13238001865180898,-0.41235172950813637,4309.66,8.368846303624828,False,False,False,False,True,False,False,False,False,2024,12,4,5
T00295,2025-06-05,Paarl,K0089,Meubels,Eetstel,17778.53,12418.91,1,0.780369892309231,0.764085835518677,-0.41235172950813637,17778.53,9.78580307452278,False,False,True,False,False,False,False,False,False,2025,6,2,3
T00296,2024-08-24,Stellenbosch,K0088,Toestelle,Wasmajien,9864.12,6258.08,1,0.40340885817301975,0.3548599653001958,-0.41235172950813637,9864.12,9.19676058259966,False,False,False,False,False,False,False,True,False,2024,8,3,5
T00297,2025-08-11,Paarl,K0116,Meubels,Bed,5202.86,3727.77,1,0.18139440731973347,0.1867871063392238,-0.41235172950813637,5202.86,8.557155936887737,True,False,False,False,False,False,False,False,False,2025,8,3,0
T00298,2025-11-15,Stellenbosch,K0111,Toestelle,Droër,7175.56,5210.23,2,0.2753535315046701,0.28525776428045724,1.3670760041350833,14351.12,9.571652945467637,False,True,False,False,False,False,False,False,False,2025,11,4,5
T00299,2025-01-07,Worcester,K0076,Toestelle,Yskas,7698.71,5280.32,1,0.300271013036251,0.2899134099067143,-0.41235172950813637,7698.71,8.948937944794869,False,False,False,False,False,False,False,False,True,2025,1,1,1
T00300,2025-03-10,Worcester,K0098,Meubels,Eetstel,13538.62,9337.69,1,0.5784242187537212,0.5594194292333894,-0.41235172950813637,13538.62,9.513375481079823,False,False,True,False,False,False,False,False,False,2025,3,1,0
T00301,2024-12-05,Worcester,K0024,Toestelle,Stoof,8587.34,5779.52,1,0.3425962001019276,0.323072181437996,-0.41235172950813637,8587.34,9.058160748340761,False,False,False,False,False,False,True,False,False,2024,12,4,3
T00302,2024-07-06,Paarl,K0027,Toestelle,Stoof,7004.29,4417.64,1,0.2671959914838083,0.2326109078542183,-0.41235172950813637,7004.29,8.854420856914906,False,False,False,False,False,False,True,False,False,2024,7,3,5
T00303,2024-11-13,Stellenbosch,K0143,Meubels,Kas,5641.58,3648.84,1,0.20229051263854292,0.18154427413376695,-0.41235172950813637,5641.58,8.63809668670372,False,False,False,True,False,False,False,False,False,2024,11,4,2
T00304,2025-12-07,Paarl,K0142,Meubels,Eetstel,12277.31,8612.42,1,0.5183483922592199,0.5112442244487486,-0.41235172950813637,12277.31,9.415589570080499,False,False,True,False,False,False,False,False,False,2025,12,4,6
T00306,2025-08-02,Stellenbosch,K0176,Meubels,Lessenaar,5255.39,3646.24,1,0.18389639586002582,0.18137157219870817,-0.41235172950813637,5255.39,8.567199758324938,False,False,False,False,True,False,False,False,False,2025,8,3,5
T00307,2025-07-25,Stellenbosch,K0127,Meubels,Bed,8198.66,5688.25,1,0.32408348535148346,0.31700967927922186,-0.41235172950813637,8198.66,9.01184796897808,True,False,False,False,False,False,False,False,False,2025,7,3,4
T00308,2024-11-27,Stellenbosch,K0077,Meubels,Kas,7127.08,4806.19,1,0.2730444432801627,0.25841988357232626,-0.41235172950813637,7127.08,8.87179719243222,False,False,False,True,False,False,False,False,False,2024,11,4,2
T00309,2025-11-08,Stellenbosch,K0185,Toestelle,Stoof,7307.28,5255.94,2,0.2816273165899035,0.28829399714643256,1.3670760041350833,14614.56,9.589841993609086,False,False,False,False,False,False,True,False,False,2025,11,4,5
T00310,2025-11-20,Worcester,K0078,Meubels,Kas,6855.9,4903.37,1,0.2601282191728625,0.26487495051425325,-0.41235172950813637,6855.9,8.833010723540863,False,False,False,True,False,False,False,False,False,2025,11,4,3
T00311,2024-07-07,Paarl,K0085,Toestelle,Droër,4546.95,3025.57,1,0.15015360580701395,0.1401442991091237,-0.41235172950813637,4546.95,8.422431860966546,False,True,False,False,False,False,False,False,False,2024,7,3,6
T00313,2025-01-22,Paarl,K0082,Toestelle,Wasmajien,7957.89,5468.33,3,0.3126156806523365,0.3024017525260979,3.146503737778303,23873.670000000002,10.080573343263877,False,False,False,False,False,False,False,True,False,2025,1,1,2
T00314,2025-04-25,Worcester,K0084,Toestelle,Droër,4506.18,3090.13,1,0.14821174262811201,0.14443262100427504,-0.41235172950813637,4506.18,8.41342695976757,False,True,False,False,False,False,False,False,False,2025,4,2,4
T00315,2025-07-21,Paarl,K0145,Toestelle,Stoof,7326.7,5152.15,1,0.28255228551151923,0.28139986874652934,-0.41235172950813637,7326.7,8.89941696665132,False,False,False,False,False,False,True,False,False,2025,7,3,0
T00316,2025-01-21,Worcester,K0187,Meubels,Lessenaar,4547.4,3128.41,1,0.15017503917543448,0.14697532487890935,-0.41235172950813637,4547.4,8.422530801750568,False,False,False,False,True,False,False,False,False,2025,1,1,1
T00317,2025-10-16,Worcester,K0178,Meubels,Kas,7509.44,5392.89,1,0.2912561382785671,0.2973907394565469,-0.41235172950813637,7509.44,8.92404933159054,False,False,False,True,False,False,False,False,False,2025,10,4,3
T00318,2024-09-09,Paarl,K0062,Toestelle,Wasmajien,6134.66,3990.71,1,0.22577576886255496,0.20425258587935838,-0.41235172950813637,6134.66,8.72187293082086,False,False,False,False,False,False,False,True,False,2024,9,3,0
T00319,2025-03-16,Worcester,K0019,Meubels,Kas,6794.71,4635.68,1,0.25721375736474356,0.24709395782353052,-0.41235172950813637,6794.71,8.824046809721246,False,False,False,True,False,False,False,False,False,2025,3,1,6
T00320,2025-10-03,Worcester,K0130,Toestelle,Droër,8229.88,5858.52,1,0.32557048482279366,0.3283196633109352,-0.41235172950813637,8229.88,9.015648213835874,False,True,False,False,False,False,False,False,False,2025,10,4,4
T00321,2025-09-02,Worcester,K0138,Meubels,Bed,9154.14,6327.52,1,0.3695927183703019,0.35947243544268825,-0.41235172950813637,9154.14,9.122070749181747,True,False,False,False,False,False,False,False,False,2025,9,3,1
T00322,2024-09-26,Stellenbosch,K0157,Meubels,Bed,7593.91,4853.85,1,0.2952794196796426,0.2615856428895956,-0.41235172950813637,7593.91,8.935233565058411,True,False,False,False,False,False,False,False,False,2024,9,3,3
T00323,2024-08-15,Worcester,K0111,Toestelle,Stoof,9168.06,5834.14,3,0.37025572390011097,0.32670025055065344,3.146503737778303,27504.18,10.222129629552825,False,False,False,False,False,False,True,False,False,2024,8,3,3
T00324,2024-10-17,Stellenbosch,K0192,Meubels,Bed,6792.03,4580.66,1,0.25708610974837226,0.24343931918240244,-0.41235172950813637,6792.03,8.823652365492459,True,False,False,False,False,False,False,False,False,2024,10,4,3
T00325,2025-12-14,Worcester,K0119,Meubels,Kas,6129.88,4371.42,1,0.2255480988602211,0.22954079883944298,-0.41235172950813637,6129.88,8.721093574907627,False,False,False,True,False,False,False,False,False,2025,12,4,6
T00326,2025-11-25,Stellenbosch,K0076,Toestelle,Yskas,8688.65,6069.45,1,0.3474215657790077,0.3423304399116829,-0.41235172950813637,8688.65,9.069887941268814,False,False,False,False,False,False,False,False,True,2025,11,4,1
T00327,2025-08-30,Stellenbosch,K0088,Meubels,Bank,12844.01,9151.23,1,0.5453401475568341,0.5470340435368293,-0.41235172950813637,12844.01,9.460710688056722,False,False,False,False,False,False,False,False,False,2025,8,3,5
T00329,2025-10-07,Paarl,K0182,Meubels,Bed,8788.9,6167.4,1,0.3521964439660305,0.3488366531959157,-0.41235172950813637,8788.9,9.081358614050231,True,False,False,False,False,False,False,False,False,2025,10,4,1
T00330,2024-10-26,Stellenbosch,K0043,Toestelle,Yskas,8158.03,5390.37,1,0.32214829033164566,0.29722335142718215,-0.41235172950813637,8158.03,9.006880568343231,False,False,False,False,False,False,False,False,True,2024,10,4,5
T00331,2025-03-07,Worcester,K0144,Meubels,Lessenaar,5371.12,3681.44,1,0.18940858192071558,0.18370969070411908,-0.41235172950813637,5371.12,8.588977895442781,False,False,False,False,True,False,False,False,False,2025,3,1,4
T00332,2025-09-10,Paarl,K0048,Meubels,Kas,5510.96,5045.4,1,0.1960691202316709,0.2743091258359438,-0.41235172950813637,5510.96,8.614675555773113,False,False,False,True,False,False,False,False,False,2025,9,3,2
T00333,2025-09-16,Paarl,K0116,Meubels,Lessenaar,2461.88,1737.93,2,0.05084233137892767,0.05461433000948532,1.3670760041350833,4923.76,8.50203082145433,False,False,False,False,True,False,False,False,False,2025,9,3,1
T00334,2025-09-13,Paarl,K0193,Meubels,Bank,9479.78,6753.3,1,0.3851028563535649,0.38775437002319524,-0.41235172950813637,9479.78,9.157021870345393,False,False,False,False,False,False,False,False,False,2025,9,3,5
T00335,2024-09-03,Worcester,K0084,Meubels,Lessenaar,4518.42,3020.51,1,0.14879473024915102,0.1398081945739709,-0.41235172950813637,4518.42,8.416138946008672,False,False,False,False,True,False,False,False,False,2024,9,3,1
T00337,2025-12-23,Worcester,K0101,Toestelle,Droër,7495.29,5245.59,1,0.29058217791600977,0.2876065105972564,-0.41235172950813637,7495.29,8.922163510469817,False,True,False,False,False,False,False,False,False,2025,12,4,1
T00338,2024-10-25,Paarl,K0173,Toestelle,Mikrogolf,1394.43,915.72,1,0.0,0.0,-0.41235172950813637,1394.43,7.240957890485727,False,False,False,False,False,True,False,False,False,2024,10,4,4
T00339,2025-05-01,Worcester,K0062,Meubels,Bank,8303.53,5840.03,1,0.32907841278762395,0.32709148685738276,-0.41235172950813637,8303.53,9.024556428031776,False,False,False,False,False,False,False,False,False,2025,5,2,3
T00341,2025-08-02,Paarl,K0048,Meubels,Lessenaar,5132.78,3514.93,1,0.17805651741103962,0.1726494602400291,-0.41235172950813637,5132.78,8.543597508935214,False,False,False,False,True,False,False,False,False,2025,8,3,5
T00342,2025-11-11,Worcester,K0074,Meubels,Lessenaar,6770.69,4744.08,1,0.2560696917881621,0.2542943000390572,-0.41235172950813637,6770.69,8.820505965477537,False,False,False,False,True,False,False,False,False,2025,11,4,1
T00343,2024-11-21,Stellenbosch,K0092,Toestelle,Mikrogolf,2270.32,1533.86,1,0.041718384590837,0.041059220822008066,-0.41235172950813637,2270.32,7.728116439268475,False,False,False,False,False,True,False,False,False,2024,11,4,3
T00344,2024-07-10,Paarl,K0144,Meubels,Bank,9875.39,6322.64,1,0.4039456449776855,0.3591482871953472,-0.41235172950813637,9875.39,9.197902339357306,False,False,False,False,False,False,False,False,False,2024,7,3,2
T00345,2025-11-30,Worcester,K0107,Toestelle,Mikrogolf,2535.78,1779.42,1,0.05436216677065821,0.057370254350096045,-0.41235172950813637,2535.78,7.838650839244778,False,False,False,False,False,True,False,False,False,2025,11,4,6
T00346,2025-09-28,Paarl,K0195,Meubels,Eetstel,13567.03,9352.75,1,0.5797773787466719,0.5604197719803066,-0.41235172950813637,13567.03,9.515471569114146,False,False,True,False,False,False,False,False,False,2025,9,3,6
T00347,2025-02-11,Paarl,K0074,Meubels,Bed,10075.08,6979.98,1,0.41345682128857414,0.4028113218074718,-0.41235172950813637,10075.08,9.217919577099577,True,False,False,False,False,False,False,False,False,2025,2,1,1
T00348,2024-12-20,Paarl,K0147,Toestelle,Droër,5887.98,3860.08,1,0.21402647259148477,0.19557564211907932,-0.41235172950813637,5887.98,8.680838086776467,False,True,False,False,False,False,False,False,False,2024,12,4,4
T00349,2024-10-25,Paarl,K0011,Toestelle,Droër,6176.15,4013.11,1,0.22775192543092976,0.2057404794737108,-0.41235172950813637,6176.15,8.728612279033888,False,True,False,False,False,False,False,False,False,2024,10,4,4
T00350,2025-09-25,Worcester,K0168,Meubels,Kas,4531.85,3255.9,1,0.14943439722223548,0.15544369784069442,-0.41235172950813637,4531.85,8.41910615972491,False,False,False,True,False,False,False,False,False,2025,9,3,3
T00352,2025-09-23,Stellenbosch,K0151,Meubels,Bank,9694.59,6774.56,1,0.39533419384338403,0.3891665404614064,-0.41235172950813637,9694.59,9.179426421936492,False,False,False,False,False,False,False,False,False,2025,9,3,1
T00353,2025-06-25,Worcester,K0053,Toestelle,Wasmajien,7620.15,5354.73,1,0.29652922320709874,0.2948560064404536,-0.41235172950813637,7620.15,8.938682555928791,False,False,False,False,False,False,False,True,False,2025,6,2,2
T00354,2025-01-28,Stellenbosch,K0138,Toestelle,Droër,8752.15,5947.14,1,0.35044605221168545,0.3342061423435918,-0.41235172950813637,8752.15,9.077168914567208,False,True,False,False,False,False,False,False,False,2025,1,1,1
T00355,2024-12-20,Paarl,K0132,Toestelle,Stoof,5298.3,3554.97,1,0.1859401866131944,0.17530907003993398,-0.41235172950813637,5298.3,8.575330015345783,False,False,False,False,False,False,True,False,False,2024,12,4,4
T00356,2024-10-06,Stellenbosch,K0168,Toestelle,Yskas,11992.09,7720.21,3,0.5047634470571986,0.4519802269569122,3.146503737778303,35976.270000000004,10.490642629139453,False,False,False,False,False,False,False,False,True,2024,10,4,6
T00357,2024-11-07,Worcester,K0083,Meubels,Bank,12699.92,8449.51,1,0.5384771829885736,0.5004231197408939,-0.41235172950813637,12699.92,9.449429710767847,False,False,False,False,False,False,False,False,False,2024,11,4,3
T00358,2025-03-11,Worcester,K0162,Toestelle,Mikrogolf,1937.26,1310.85,1,0.02585483417717299,0.02624604446144893,-0.41235172950813637,1937.26,7.569545942378936,False,False,False,False,False,True,False,False,False,2025,3,1,1
T00359,2025-04-02,Worcester,K0163,Toestelle,Mikrogolf,2554.7,1729.87,1,0.055263320838473365,0.05407895401080316,-0.41235172950813637,2554.7,7.846081437716904,False,False,False,False,False,True,False,False,False,2025,4,2,2
T00360,2024-10-04,Paarl,K0125,Toestelle,Stoof,9806.38,6322.83,1,0.4006587188561249,0.35916090772137066,-0.41235172950813637,9806.38,9.190890442474823,False,False,False,False,False,False,True,False,False,2024,10,4,4
T00361,2025-06-01,Worcester,K0118,Meubels,Eetstel,12628.58,8710.26,1,0.5350792796483023,0.5177431311126521,-0.41235172950813637,12628.58,9.443796960634835,False,False,True,False,False,False,False,False,False,2025,6,2,6
T00362,2025-07-02,Stellenbosch,K0055,Toestelle,Wasmajien,7707.2,5336.45,3,0.3006753892537854,0.2936417789893483,3.146503737778303,23121.6,10.048565773210932,False,False,False,False,False,False,False,True,False,2025,7,3,2
T00363,2025-11-19,Paarl,K0148,Toestelle,Stoof,11367.74,7898.84,1,0.47502583911637364,0.4638455141336606,-0.41235172950813637,11367.74,9.338622762661867,False,False,False,False,False,False,True,False,False,2025,11,4,2
T00364,2024-11-11,Worcester,K0196,Toestelle,Stoof,7579.81,4915.76,2,0.2946078408024653,0.26569794165862937,1.3670760041350833,15159.62,9.626456555457725,False,False,False,False,False,False,True,False,False,2024,11,4,0
T00366,2025-09-25,Paarl,K0177,Meubels,Kas,5811.32,4014.97,1,0.21037517920677484,0.20586402778109894,-0.41235172950813637,5811.32,8.667735081674167,False,False,False,True,False,False,False,False,False,2025,9,3,3
T00367,2024-11-13,Worcester,K0071,Toestelle,Wasmajien,7083.59,4688.66,2,0.27097302729658546,0.25061309186945857,1.3670760041350833,14167.18,9.558753884068583,False,False,False,False,False,False,False,True,False,2024,11,4,2
T00368,2024-10-04,Worcester,K0171,Toestelle,Stoof,10469.54,6969.64,1,0.4322448357489534,0.4021244994965074,-0.41235172950813637,10469.54,9.256320878465822,False,False,False,False,False,False,True,False,False,2024,10,4,4
T00369,2024-12-17,Stellenbosch,K0194,Toestelle,Stoof,8215.59,5400.35,1,0.3248898563011722,0.29788626116252315,-0.41235172950813637,8215.59,9.013910560130393,False,False,False,False,False,False,True,False,False,2024,12,4,1
T00370,2025-02-25,Paarl,K0123,Meubels,Eetstel,13719.36,9562.9,1,0.5870328121055666,0.5743787380005366,-0.41235172950813637,13719.36,9.526636140002694,False,False,True,False,False,False,False,False,False,2025,2,1,1
T00371,2024-09-18,Stellenbosch,K0003,Meubels,Lessenaar,3487.9,2289.04,1,0.09971136397193658,0.09122116209803624,-0.41235172950813637,3487.9,8.15734177926843,False,False,False,False,True,False,False,False,False,2024,9,3,2
T00372,2024-07-09,Worcester,K0109,Toestelle,Yskas,5690.29,3603.12,3,0.2046105556957986,0.17850737702957983,3.146503737778303,17070.87,9.74518735870467,False,False,False,False,False,False,False,False,True,2024,7,3,1
T00373,2024-11-13,Paarl,K0188,Meubels,Bank,8775.1,5756.95,1,0.3515391540011336,0.32157299579404364,-0.41235172950813637,8775.1,9.079787396603,False,False,False,False,False,False,False,False,False,2024,11,4,2
T00374,2024-10-13,Stellenbosch,K0036,Toestelle,Stoof,6168.86,4093.52,2,0.22740470486251685,0.21108161893450875,1.3670760041350833,12337.72,9.420497564364538,False,False,False,False,False,False,True,False,False,2024,10,4,6
T00375,2025-07-27,Stellenbosch,K0003,Meubels,Eetstel,14221.23,10111.75,1,0.6109367334593933,0.6108354522532288,-0.41235172950813637,14221.23,9.562561512440386,False,False,True,False,False,False,False,False,False,2025,7,3,6
T00376,2024-12-16,Paarl,K0039,Toestelle,Wasmajien,4745.29,3238.13,1,0.15960048201264093,0.154263346538389,-0.41235172950813637,4745.29,8.465118539216583,False,False,False,False,False,False,False,True,False,2024,12,4,0
T00377,2025-08-26,Worcester,K0026,Toestelle,Wasmajien,2954.67,2020.88,1,0.07431377498773536,0.0734089502113606,-0.41235172950813637,2954.67,7.9914806384884125,False,False,False,False,False,False,False,True,False,2025,8,3,1
T00378,2024-11-21,Stellenbosch,K0081,Toestelle,Stoof,8402.27,5638.43,3,0.3337813701161689,0.31370044450821133,3.146503737778303,25206.81,10.134909146118956,False,False,False,False,False,False,True,False,False,2024,11,4,3
T00379,2024-11-21,Stellenbosch,K0154,Toestelle,Yskas,12697.91,8698.47,1,0.5383814472762952,0.5169599942609817,-0.41235172950813637,12697.91,9.449271441991701,False,False,False,False,False,False,False,False,True,2024,11,4,3
T00380,2025-04-18,Worcester,K0156,Meubels,Bed,10253.13,6956.32,1,0.4219372907269722,0.40123973419843717,-0.41235172950813637,10253.13,9.235435830242606,True,False,False,False,False,False,False,False,False,2025,4,2,4
T00381,2025-12-04,Stellenbosch,K0062,Toestelle,Stoof,8016.0,5873.3,1,0.31538344296104365,0.32930140738792313,-0.41235172950813637,8016.0,8.989319566042951,False,False,False,False,False,False,True,False,False,2025,12,4,3
T00382,2025-11-19,Paarl,K0153,Meubels,Bank,9233.69,6392.92,1,0.37338166160997943,0.36381655334762775,-0.41235172950813637,9233.69,9.1307223241219,False,False,False,False,False,False,False,False,False,2025,11,4,2
T00383,2024-09-11,Worcester,K0034,Meubels,Bed,13146.72,8875.28,2,0.559758136344801,0.5287043900831891,1.3670760041350833,26293.44,10.177112788972172,True,False,False,False,False,False,False,False,False,2024,9,3,2
T00384,2025-08-01,Worcester,K0045,Toestelle,Stoof,8606.59,5943.34,1,0.34351307197325115,0.3339537318231214,-0.41235172950813637,8606.59,9.060399651155691,False,False,False,False,False,False,True,False,False,2025,8,3,4
T00385,2025-10-26,Stellenbosch,K0068,Meubels,Lessenaar,4698.08,3383.22,1,0.15735188351678708,0.16390077875287945,-0.41235172950813637,4698.08,8.45512202385681,False,False,False,False,True,False,False,False,False,2025,10,4,6
T00386,2025-02-06,Stellenbosch,K0161,Meubels,Kas,5783.46,3988.24,1,0.20904821555300473,0.20408851904105255,-0.41235172950813637,5783.46,8.662930290413485,False,False,False,True,False,False,False,False,False,2025,2,1,3
T00387,2025-11-26,Paarl,K0138,Toestelle,Mikrogolf,2483.62,1762.45,1,0.05187780122217829,0.05624304210473177,-0.41235172950813637,2483.62,7.817875009332625,False,False,False,False,False,True,False,False,False,2025,11,4,2
T00388,2024-12-04,Paarl,K0053,Meubels,Bed,6913.15,4748.06,1,0.2628550199330326,0.2545586668473395,-0.41235172950813637,6913.15,8.841325315357603,True,False,False,False,False,False,False,False,False,2024,12,4,2
T00389,2024-12-07,Worcester,K0196,Toestelle,Mikrogolf,2372.51,1585.95,1,0.0465856644106062,0.04451923766708912,-0.41235172950813637,2372.51,7.7721251511697735,False,False,False,False,False,True,False,False,False,2024,12,4,5
T00391,2025-09-18,Stellenbosch,K0080,Toestelle,Droër,7995.3,5742.5,1,0.3143975080136983,0.32061317157804403,-0.41235172950813637,7995.3,8.98673421367586,False,True,False,False,False,False,False,False,False,2025,9,3,3
T00392,2024-12-27,Stellenbosch,K0042,Meubels,Bank,6816.52,4650.01,1,0.25825256128752627,0.24804581118098898,-0.41235172950813637,6816.52,8.827251048342136,False,False,False,False,False,False,False,False,False,2024,12,4,4
T00393,2025-11-21,Paarl,K0192,Toestelle,Wasmajien,4888.73,3453.7,1,0.16643248727096063,0.16858232966939535,-0.41235172950813637,4888.73,8.494892366220602,False,False,False,False,False,False,False,True,False,2025,11,4,4
T00394,2025-04-02,Worcester,K0110,Meubels,Eetstel,12666.55,8722.83,1,0.5368877796459207,0.5185780785448401,-0.41235172950813637,12666.55,9.446798884451018,False,False,True,False,False,False,False,False,False,2025,4,2,2
T00395,2025-04-05,Worcester,K0148,Meubels,Bed,9871.36,6948.61,1,0.4037536972560526,0.40072760653716677,-0.41235172950813637,9871.36,9.19749421225499,True,False,False,False,False,False,False,False,False,2025,4,2,5
T00396,2024-09-17,Paarl,K0128,Toestelle,Droër,8025.87,5368.49,1,0.3158535481750678,0.2957699982198415,-0.41235172950813637,8025.87,8.990549942659706,False,True,False,False,False,False,False,False,False,2024,9,3,1
T00397,2024-12-18,Paarl,K0147,Meubels,Bed,9443.34,6503.22,1,0.38336722980857624,0.37114310082338964,-0.41235172950813637,9443.34,9.153170899251556,True,False,False,False,False,False,False,False,False,2024,12,4,2
T00398,2024-10-27,Stellenbosch,K0004,Meubels,Eetstel,11612.84,7867.73,2,0.4866998804494339,0.4617790690568614,1.3670760041350833,23225.68,10.053056896910922,False,False,True,False,False,False,False,False,False,2024,10,4,6
T00399,2025-03-08,Stellenbosch,K0039,Toestelle,Stoof,7555.86,5100.22,1,0.293467109305416,0.2779504797128366,-0.41235172950813637,7555.86,8.93021103897906,False,False,False,False,False,False,True,False,False,2025,3,1,5
T00400,2024-12-31,Stellenbosch,K0107,Toestelle,Wasmajien,7734.06,5258.52,1,0.3019547231999543,0.28846537060506794,-0.41235172950813637,7734.06,8.953518519926014,False,False,False,False,False,False,False,True,False,2024,12,4,1
T00401,2025-05-24,Paarl,K0129,Meubels,Lessenaar,4259.67,2896.57,1,0.13647054340733403,0.13157562617736224,-0.41235172950813637,4259.67,8.35718170389199,False,False,False,False,True,False,False,False,False,2025,5,2,5
T00402,2024-08-23,Stellenbosch,K0103,Meubels,Lessenaar,4125.18,2638.72,3,0.13006482403204528,0.11444824388701572,3.146503737778303,12375.54,9.423558024138767,False,False,False,False,True,False,False,False,False,2024,8,3,4
T00403,2024-09-09,Paarl,K0142,Toestelle,Stoof,7850.26,5110.95,1,0.30748929522321666,0.2786632073140598,-0.41235172950813637,7850.26,8.968429307450315,False,False,False,False,False,False,True,False,False,2024,9,3,0
T00404,2025-10-11,Stellenbosch,K0078,Toestelle,Wasmajien,8738.99,6293.25,1,0.34981924525965336,0.3571960910909714,-0.41235172950813637,8738.99,9.075664324484167,False,False,False,False,False,False,False,True,False,2025,10,4,5
T00405,2025-03-06,Paarl,K0198,Toestelle,Droër,7211.72,5052.47,3,0.2770758217315304,0.2747787422516612,3.146503737778303,21635.16,9.982121268046244,False,True,False,False,False,False,False,False,False,2025,3,1,3
T00406,2025-01-17,Worcester,K0105,Meubels,Bank,11226.13,7745.06,1,0.46828099622296415,0.4536308589131468,-0.41235172950813637,11226.13,9.326088449620386,False,False,False,False,False,False,False,False,False,2025,1,1,4
T00407,2024-07-25,Stellenbosch,K0001,Toestelle,Yskas,9652.27,6304.31,3,0.3933185046177002,0.3579307385531829,3.146503737778303,28956.81,10.273595222093238,False,False,False,False,False,False,False,False,True,2024,7,3,3
T00408,2025-07-21,Worcester,K0061,Toestelle,Yskas,6497.77,4424.72,1,0.24307059198963582,0.23308118850814755,-0.41235172950813637,6497.77,8.779368207208098,False,False,False,False,False,False,False,False,True,2025,7,3,0
T00409,2025-09-03,Paarl,K0024,Meubels,Bank,10693.19,7635.66,1,0.44289721985396735,0.44636409287644363,-0.41235172950813637,10693.19,9.27745588232298,False,False,False,False,False,False,False,False,False,2025,9,3,2
T00410,2024-08-14,Stellenbosch,K0192,Toestelle,Stoof,10388.22,6842.73,1,0.42837158792682173,0.39369465235100465,-0.41235172950813637,10388.22,9.248524009090422,False,False,False,False,False,False,True,False,False,2024,8,3,2
T00411,2024-09-25,Worcester,K0101,Meubels,Lessenaar,2943.37,1921.47,1,0.07377555929184151,0.06680575814821013,-0.41235172950813637,2943.37,7.987650151299605,False,False,False,False,True,False,False,False,False,2024,9,3,2
T00412,2024-09-15,Worcester,K0034,Meubels,Kas,6909.01,4569.63,1,0.2626578329435636,0.24270666443482627,-0.41235172950813637,6909.01,8.840726363938671,False,False,False,True,False,False,False,False,False,2024,9,3,6
T00413,2025-02-28,Paarl,K0101,Toestelle,Stoof,4752.53,3257.59,2,0.15994532109567378,0.1555559540984826,1.3670760041350833,9505.06,9.159684768957106,False,False,False,False,False,False,True,False,False,2025,2,1,4
T00414,2025-05-31,Paarl,K0052,Toestelle,Stoof,11553.62,7751.91,1,0.48387924916528946,0.45408586208820545,-0.41235172950813637,11553.62,9.354840635971266,False,False,False,False,False,False,True,False,False,2025,5,2,5
T00415,2024-11-17,Worcester,K0116,Meubels,Bank,10637.7,6923.2,1,0.4402542473791754,0.3990397772410733,-0.41235172950813637,10637.7,9.27225357497987,False,False,False,False,False,False,False,False,False,2024,11,4,6
T00416,2025-10-21,Paarl,K0198,Toestelle,Yskas,9798.27,6945.37,1,0.400272441927479,0.4005123933565551,-0.41235172950813637,9798.27,9.190063172088243,False,False,False,False,False,False,False,False,True,2025,10,4,1
T00417,2025-01-29,Paarl,K0031,Toestelle,Mikrogolf,2557.11,1729.44,1,0.05537810843379233,0.0540503917676973,-0.41235172950813637,2557.11,7.847023983559796,False,False,False,False,False,True,False,False,False,2025,1,1,2
T00418,2024-10-01,Stellenbosch,K0084,Toestelle,Droër,6680.36,4547.78,1,0.25176730030054345,0.24125530394212089,-0.41235172950813637,6680.36,8.807076838622859,False,True,False,False,False,False,False,False,False,2024,10,4,1
T00419,2024-11-29,Stellenbosch,K0013,Meubels,Bed,8615.6,5688.16,1,0.3439422156387382,0.31700370113531595,-0.41235172950813637,8615.6,9.061445854294629,True,False,False,False,False,False,False,False,False,2024,11,4,4
T00420,2025-05-03,Paarl,K0116,Meubels,Eetstel,9869.49,6894.57,3,0.4036646297028383,0.3971380632407916,3.146503737778303,29608.47,10.295849521577116,False,False,True,False,False,False,False,False,False,2025,5,2,5
T00421,2025-03-13,Stellenbosch,K0036,Toestelle,Yskas,9341.73,6181.75,1,0.3785275752192157,0.34978983502979766,-0.41235172950813637,9341.73,9.142353779734687,False,False,False,False,False,False,False,False,True,2025,3,1,3
T00422,2024-11-02,Stellenbosch,K0103,Meubels,Bank,11540.04,7668.68,1,0.48323243773606483,0.4485574074516899,-0.41235172950813637,11540.04,9.353664657318566,False,False,False,False,False,False,False,False,False,2024,11,4,5
T00423,2025-07-17,Worcester,K0020,Meubels,Lessenaar,3960.24,2835.26,1,0.1222087800602992,0.12750318170103436,-0.41235172950813637,3960.24,8.28431238654628,False,False,False,False,True,False,False,False,False,2025,7,3,3
T00424,2024-07-23,Stellenbosch,K0024,Meubels,Kas,4832.54,3061.07,1,0.16375617400084783,0.14250234476088752,-0.41235172950813637,4832.54,8.483334397447122,False,False,False,True,False,False,False,False,False,2024,7,3,1
T00425,2025-06-05,Stellenbosch,K0147,Meubels,Kas,6293.77,4417.06,1,0.23335413163898588,0.23257238203793598,-0.41235172950813637,6293.77,8.747474408876883,False,False,False,True,False,False,False,False,False,2025,6,2,3
T00426,2025-09-17,Worcester,K0175,Toestelle,Mikrogolf,2010.81,1412.15,1,0.029357999171243085,0.03297477754662288,-0.41235172950813637,2010.81,7.606790093360913,False,False,False,False,False,True,False,False,False,2025,9,3,2
T00427,2025-09-10,Stellenbosch,K0071,Toestelle,Wasmajien,8543.73,6118.92,2,0.34051906855343816,0.34561642634528167,1.3670760041350833,17087.46,9.746158660873254,False,False,False,False,False,False,False,True,False,2025,9,3,2
T00428,2025-04-13,Paarl,K0158,Meubels,Eetstel,16417.79,11567.32,1,0.7155582439879402,0.7075199736430277,-0.41235172950813637,16417.79,9.706181689669938,False,False,True,False,False,False,False,False,False,2025,4,2,6
T00429,2025-03-09,Worcester,K0141,Toestelle,Mikrogolf,2628.01,1779.4,1,0.05875505470271919,0.057368925873672524,-0.41235172950813637,2628.01,7.8743626284503,False,False,False,False,False,True,False,False,False,2025,3,1,6
T00430,2025-11-03,Stellenbosch,K0108,Meubels,Bed,9965.38,5045.4,1,0.4082318423647197,0.2743091258359438,-0.41235172950813637,9965.38,9.206972707755213,True,False,False,False,False,False,False,False,False,2025,11,4,0
T00431,2025-01-21,Worcester,K0098,Meubels,Lessenaar,2659.13,1788.47,1,0.060237291203269316,0.057971389931742875,-0.41235172950813637,2659.13,7.8861302727619895,False,False,False,False,True,False,False,False,False,2025,1,1,1
T00432,2025-07-03,Paarl,K0129,Toestelle,Stoof,6196.76,5045.4,2,0.22873357370459102,0.2743091258359438,1.3670760041350833,12393.52,9.42500971842699,False,False,False,False,False,False,True,False,False,2025,7,3,3
T00433,2025-05-26,Paarl,K0153,Toestelle,Wasmajien,7776.49,5486.91,1,0.30397565169347424,0.30363590712355626,-0.41235172950813637,7776.49,8.958988943010759,False,False,False,False,False,False,False,True,False,2025,5,2,0
T00434,2025-02-10,Stellenbosch,K0121,Toestelle,Yskas,7548.51,5080.87,1,0.293117030954547,0.2766651787730723,-0.41235172950813637,7548.51,8.92923793947468,False,False,False,False,False,False,False,False,True,2025,2,1,0
T00435,2025-12-25,Paarl,K0169,Meubels,Bank,10471.21,7587.05,1,0.4323243773606474,0.4431352309290567,-0.41235172950813637,10471.21,9.256480360864604,False,False,False,False,False,False,False,False,False,2025,12,4,3
T00436,2025-03-04,Paarl,K0100,Meubels,Bank,8483.35,5827.08,1,0.3376431868084762,0.3262312983731478,-0.41235172950813637,8483.35,9.045978568959057,False,False,False,False,False,False,False,False,False,2025,3,1,1
T00437,2025-06-29,Stellenbosch,K0189,Meubels,Bank,9560.32,6597.78,1,0.3889389530037675,0.3774241373538344,-0.41235172950813637,9560.32,9.165481071827736,False,False,False,False,False,False,False,False,False,2025,6,2,6
T00438,2025-07-03,Worcester,K0145,Meubels,Bed,10107.28,7051.09,2,0.4149904978733336,0.40753471973132893,1.3670760041350833,20214.56,9.914207883892509,True,False,False,False,False,False,False,False,False,2025,7,3,3
T00439,2024-11-23,Worcester,K0045,Meubels,Kas,6739.98,4423.13,1,0.2546069834677285,0.232975574632477,-0.41235172950813637,6739.98,8.815960593930182,False,False,False,True,False,False,False,False,False,2024,11,4,5
T00440,2025-11-15,Stellenbosch,K0057,Meubels,Eetstel,15554.51,11255.63,1,0.6744404700099547,0.6868163328205413,-0.41235172950813637,15554.51,9.652170195679505,False,False,True,False,False,False,False,False,False,2025,11,4,5
T00441,2024-07-21,Worcester,K0158,Toestelle,Yskas,7848.72,5102.81,1,0.30741594547351075,0.2781225174096835,-0.41235172950813637,7848.72,8.968233141350499,False,False,False,False,False,False,False,False,True,2024,7,3,6
T00443,2024-08-30,Stellenbosch,K0037,Meubels,Lessenaar,5649.27,3782.89,1,0.20265678508999635,0.19044838736246947,-0.41235172950813637,5649.27,8.639458610609315,False,False,False,False,True,False,False,False,False,2024,8,3,4
T00444,2024-10-22,Worcester,K0170,Toestelle,Yskas,7593.65,5153.51,1,0.2952670359556663,0.28149020514332934,-0.41235172950813637,7593.65,8.935199331018712,False,False,False,False,False,False,False,False,True,2024,10,4,1
T00445,2025-08-10,Worcester,K0035,Meubels,Bed,7930.02,5495.66,1,0.31128824070149036,0.3042171155588501,-0.41235172950813637,7930.02,8.978536931830234,True,False,False,False,False,False,False,False,False,2025,8,3,6
T00446,2024-12-09,Worcester,K0045,Toestelle,Mikrogolf,3385.4,2275.16,1,0.09482931894281102,0.09029919946010717,-0.41235172950813637,3385.4,8.127522689206714,False,False,False,False,False,True,False,False,False,2024,12,4,0
T00447,2025-07-01,Stellenbosch,K0177,Meubels,Kas,7061.63,4835.03,1,0.26992707891766254,0.26033554657505487,-0.41235172950813637,7061.63,8.862572782364934,False,False,False,True,False,False,False,False,False,2025,7,3,1
T00448,2025-04-28,Stellenbosch,K0147,Meubels,Eetstel,13312.6,9015.45,2,0.5676589522416923,0.5380150170974916,1.3670760041350833,26625.2,10.18965097241862,False,False,True,False,False,False,False,False,False,2025,4,2,0
T00449,2025-08-05,Worcester,K0157,Meubels,Bank,13554.52,9571.08,1,0.5791815311045806,0.57492208485776,-0.41235172950813637,13554.52,9.514549123424915,False,False,False,False,False,False,False,False,False,2025,8,3,1
T00450,2025-02-12,Worcester,K0191,Meubels,Kas,3644.66,2527.79,1,0.10717779693550461,0.10707984940391263,-0.41235172950813637,3644.66,8.20129269801042,False,False,False,True,False,False,False,False,False,2025,2,1,2
T00451,2024-09-18,Stellenbosch,K0023,Toestelle,Stoof,8366.02,5608.35,1,0.3320547932156245,0.3117024159672238,-0.41235172950813637,8366.02,9.032053066635756,False,False,False,False,False,False,True,False,False,2024,9,3,2
T00452,2025-06-09,Paarl,K0178,Meubels,Bed,9241.34,6386.71,1,0.37374602887312874,0.363404061418122,-0.41235172950813637,9241.34,9.13155037932743,True,False,False,False,False,False,False,False,False,2025,6,2,0
T00453,2024-09-08,Paarl,K0013,Toestelle,Yskas,9760.4,6300.49,1,0.39846870490062064,0.35767699955628884,-0.41235172950813637,9760.4,9.18619111174318,False,False,False,False,False,False,False,False,True,2024,9,3,6
T00454,2025-07-31,Paarl,K0127,Toestelle,Wasmajien,7915.88,5464.45,2,0.310614756636009,0.30214402809993324,1.3670760041350833,15831.76,9.66983649017269,False,False,False,False,False,False,False,True,False,2025,7,3,3
T00455,2025-07-23,Paarl,K0148,Toestelle,Yskas,10667.84,7538.75,1,0.44168980676627634,0.43992696036623435,-0.41235172950813637,10667.84,9.275082622359541,False,False,False,False,False,False,False,False,True,2025,7,3,2
T00456,2025-02-16,Stellenbosch,K0009,Toestelle,Yskas,9918.36,6721.13,1,0.4059922935133102,0.38561751569594893,-0.41235172950813637,9918.36,9.202243682068632,False,False,False,False,False,False,False,False,True,2025,2,1,6
T00458,2025-06-16,Stellenbosch,K0141,Toestelle,Wasmajien,7311.53,5045.4,1,0.2818297428472087,0.2743091258359438,-0.41235172950813637,7311.53,8.897344594095799,False,False,False,False,False,False,False,True,False,2025,6,2,0
T00459,2024-10-04,Paarl,K0168,Toestelle,Yskas,6837.89,4408.32,1,0.25927040813896446,0.23199183784085384,-0.41235172950813637,6837.89,8.830380716745903,False,False,False,False,False,False,False,False,True,2024,10,4,4
T00460,2024-12-16,Worcester,K0085,Toestelle,Wasmajien,8579.73,5581.99,1,0.34223373802708223,0.3099514840410127,-0.41235172950813637,8579.73,9.057274270447857,False,False,False,False,False,False,False,True,False,2024,12,4,0
T00461,2025-01-27,Stellenbosch,K0187,Toestelle,Droër,6452.53,4251.26,1,0.24091582401775635,0.2215593124868813,-0.41235172950813637,6452.53,8.77238254690471,False,True,False,False,False,False,False,False,False,2025,1,1,0
T00462,2025-03-29,Worcester,K0013,Toestelle,Stoof,9726.7,6490.91,1,0.3968635837544594,0.37032542358470766,-0.41235172950813637,9726.7,9.182732764914633,False,False,False,False,False,False,True,False,False,2025,3,1,5
T00463,2025-08-07,Worcester,K0001,Toestelle,Wasmajien,8407.43,6045.57,1,0.3340271394073912,0.34074423906198936,-0.41235172950813637,8407.43,9.036990053018835,False,False,False,False,False,False,False,True,False,2025,8,3,3
T00464,2025-09-11,Stellenbosch,K0025,Toestelle,Droër,5880.75,4120.01,1,0.21368210980552793,0.21284118595747284,-0.41235172950813637,5880.75,8.679609615660528,False,True,False,False,False,False,False,False,False,2025,9,3,3
T00465,2024-07-27,Stellenbosch,K0122,Meubels,Bed,7131.01,4755.82,3,0.2732316280310355,0.25507411569966865,3.146503737778303,21393.03,9.970867190127409,True,False,False,False,False,False,False,False,False,2024,7,3,5
T00466,2024-10-27,Paarl,K0170,Toestelle,Mikrogolf,2345.41,1533.47,1,0.045294899334612976,0.041033315531749256,-0.41235172950813637,2345.41,7.760641779502097,False,False,False,False,False,True,False,False,False,2024,10,4,6
T00467,2025-03-29,Stellenbosch,K0098,Toestelle,Wasmajien,8883.63,6205.19,1,0.35670840616709454,0.35134680939817353,-0.41235172950813637,8883.63,9.09207809650274,False,False,False,False,False,False,False,True,False,2025,3,1,5
T00468,2025-07-14,Stellenbosch,K0120,Toestelle,Yskas,7210.79,5076.79,1,0.27703152610346127,0.2763941695826724,-0.41235172950813637,7210.79,8.883472465762827,False,False,False,False,False,False,False,False,True,2025,7,3,0
T00469,2025-03-27,Stellenbosch,K0193,Toestelle,Droër,8236.37,5669.6,1,0.3258796016251257,0.31577087501428114,-0.41235172950813637,8236.37,9.016436397199133,False,True,False,False,False,False,False,False,False,2025,3,1,3
T00470,2024-10-08,Stellenbosch,K0194,Toestelle,Droër,6735.87,4422.98,1,0.25441122536948746,0.2329656110593005,-0.41235172950813637,6735.87,8.815350704351742,False,True,False,False,False,False,False,False,False,2024,10,4,1
T00471,2025-02-18,Worcester,K0108,Meubels,Kas,6400.58,4402.98,1,0.2384414607078727,0.2316371346357716,-0.41235172950813637,6400.58,8.764300113879145,False,False,False,True,False,False,False,False,False,2025,2,1,1
T00472,2025-12-31,Worcester,K0122,Toestelle,Droër,7567.56,5563.18,2,0.29402437688435035,0.3087020519646838,1.3670760041350833,15135.12,9.624839219378625,False,True,False,False,False,False,False,False,False,2025,12,4,2
T00473,2025-05-03,Stellenbosch,K0133,Toestelle,Yskas,9164.57,6152.41,1,0.3700894962205827,0.3478409601164808,-0.41235172950813637,9164.57,9.123209351465915,False,False,False,False,False,False,False,False,True,2025,5,2,5
T00474,2024-11-28,Stellenbosch,K0043,Toestelle,Wasmajien,8598.22,5619.83,2,0.34311441132062886,0.31246496143432945,1.3670760041350833,17196.44,9.752515814514885,False,False,False,False,False,False,False,True,False,2024,11,4,3
T00475,2025-02-02,Stellenbosch,K0175,Meubels,Eetstel,13448.13,9118.2,1,0.5741142065128862,0.5448400647233713,-0.41235172950813637,13448.13,9.506669698923014,False,False,True,False,False,False,False,False,False,2025,2,1,6
T00476,2025-09-19,Stellenbosch,K0187,Meubels,Lessenaar,5909.35,4132.67,1,0.21504431944292296,0.21368211153356662,-0.41235172950813637,5909.35,8.684460330304818,False,False,False,False,True,False,False,False,False,2025,9,3,4
T00477,2024-09-07,Stellenbosch,K0084,Toestelle,Droër,5965.4,3942.67,1,0.21771396455397157,0.20106158551004197,-0.41235172950813637,5965.4,8.693899009424557,False,True,False,False,False,False,False,False,False,2024,9,3,5
T00478,2025-04-09,Worcester,K0160,Toestelle,Yskas,11906.77,8042.98,1,0.5006996804046621,0.4734198437180335,-0.41235172950813637,11906.77,9.384946407202746,False,False,False,False,False,False,False,False,True,2025,4,2,2
T00479,2025-12-18,Paarl,K0146,Meubels,Kas,5369.72,3876.54,1,0.18934190033007392,0.19666897821564358,-0.41235172950813637,5369.72,8.58871725672752,False,False,False,True,False,False,False,False,False,2025,12,4,3
T00480,2024-10-11,Stellenbosch,K0089,Meubels,Bed,7436.43,4983.73,2,0.2877786933266017,0.27021276878399236,1.3670760041350833,14872.86,9.607360588821477,True,False,False,False,False,False,False,False,False,2024,10,4,4
T00481,2025-08-25,Paarl,K0122,Toestelle,Mikrogolf,1997.93,1436.26,1,0.028744528537339317,0.03457625587518698,-0.41235172950813637,1997.93,7.600367316378518,False,False,False,False,False,True,False,False,False,2025,8,3,0
T00482,2024-08-08,Stellenbosch,K0156,Toestelle,Mikrogolf,2116.1,1424.5,1,0.034372931084576064,0.03379511173815199,-0.41235172950813637,2116.1,7.657802506674894,False,False,False,False,False,True,False,False,False,2024,8,3,3
T00483,2025-08-16,Stellenbosch,K0013,Toestelle,Stoof,8437.57,5950.02,1,0.3354626987944921,0.33439744294858,-0.41235172950813637,8437.57,9.040568141955282,False,False,False,False,False,False,True,False,False,2025,8,3,5
T00484,2025-10-30,Paarl,K0078,Toestelle,Yskas,9468.43,6638.77,1,0.384562259172291,0.38014684978385693,-0.41235172950813637,9468.43,9.15582399429471,False,False,False,False,False,False,False,False,True,2025,10,4,3
T00485,2025-05-15,Paarl,K0059,Toestelle,Yskas,10968.64,7361.05,3,0.4560168228127247,0.42812344734318,3.146503737778303,32905.92,10.401438248982801,False,False,False,False,False,False,False,False,True,2025,5,2,3
T00486,2024-11-15,Paarl,K0107,Toestelle,Stoof,8114.82,5411.44,1,0.3200902106661967,0.29862290133936986,-0.41235172950813637,8114.82,9.00157052228675,False,False,False,False,False,False,True,False,False,2024,11,4,4
T00487,2024-09-30,Stellenbosch,K0105,Toestelle,Wasmajien,5315.92,3392.25,2,0.18677942206112796,0.16450058585810276,1.3670760041350833,10631.84,9.27170260404422,False,False,False,False,False,False,False,True,False,2024,9,3,0
T00488,2025-11-09,Worcester,K0041,Toestelle,Yskas,9764.82,5045.4,1,0.39867922820821805,0.2743091258359438,-0.41235172950813637,9764.82,9.18664381315951,False,False,False,False,False,False,False,False,True,2025,11,4,6
T00489,2024-09-06,Paarl,K0135,Toestelle,Wasmajien,7249.68,4737.44,1,0.2788838454320729,0.25385324586644553,-0.41235172950813637,7249.68,8.888850536553871,False,False,False,False,False,False,False,True,False,2024,9,3,4
T00490,2024-07-30,Stellenbosch,K0064,Meubels,Bank,13231.13,8593.52,1,0.5637785599634204,0.5099888142285138,-0.41235172950813637,13231.13,9.490403241882683,False,False,False,False,False,False,False,False,False,2024,7,3,1
T00491,2024-08-03,Paarl,K0071,Meubels,Bed,6724.52,4472.27,1,0.2538706281882136,0.23623964120508753,-0.41235172950813637,6724.52,8.813664524900812,True,False,False,False,False,False,False,False,False,2024,8,3,5
T00492,2025-07-13,Paarl,K0062,Toestelle,Yskas,7938.01,5629.71,1,0.3116688020652241,0.31312122878755266,-0.41235172950813637,7938.01,8.979543861328803,False,False,False,False,False,False,False,False,True,2025,7,3,6
T00493,2025-07-17,Paarl,K0122,Toestelle,Wasmajien,6043.92,4317.49,3,0.2214538491948198,0.22595856216339724,3.146503737778303,18131.760000000002,9.805475526029017,False,False,False,False,False,False,False,True,False,2025,7,3,3
T00494,2025-06-24,Paarl,K0177,Meubels,Bed,10378.03,6994.94,1,0.42788624120636526,0.40380502217227143,-0.41235172950813637,10378.03,9.247542703412986,True,False,False,False,False,False,False,False,False,2025,6,2,1
T00496,2025-02-05,Stellenbosch,K0105,Meubels,Bank,10573.13,7306.74,1,0.43717879715936425,0.4245159696150872,-0.41235172950813637,10573.13,9.26616573102661,False,False,False,False,False,False,False,False,False,2025,2,1,2
T00497,2025-12-08,Stellenbosch,K0166,Meubels,Kas,5171.67,3760.62,2,0.17990883673965127,0.18896912886487002,1.3670760041350833,10343.34,9.24419478920772,False,False,False,True,False,False,False,False,False,2025,12,4,0
T00498,2024-12-25,Worcester,K0079,Meubels,Bank,13582.33,9072.53,1,0.5805061132729706,0.5418064888102431,-0.41235172950813637,13582.33,9.516598584602097,False,False,False,False,False,False,False,False,False,2024,12,4,2
T00499,2025-04-08,Paarl,K0056,Toestelle,Stoof,11285.51,7914.99,1,0.47110924826032496,0.4649182588456602,-0.41235172950813637,11285.51,9.331363486237505,False,False,False,False,False,False,True,False,False,2025,4,2,1
T00500,2025-10-21,Paarl,K0131,Toestelle,Droër,8655.05,5999.98,1,0.3458212076036065,0.33771597705455514,-0.41235172950813637,8655.05,9.06601377740969,False,True,False,False,False,False,False,False,False,2025,10,4,1
